data,descricao,entrada,saida,id_cliente,data_vencimento,data_pagamento,valor_fatura
2023-01-01,Assinatura Trimestral,407.75,0.0,E008,2023-01-31,2023-02-03,407.75
2023-01-01,Pagamento Impostos,0.0,2951.84,ADM,2023-01-01,2023-01-01,2951.84
2023-01-01,Pagamento Seguros,0.0,1496.1,ADM,2023-01-01,2023-01-01,1496.1
2023-01-02,Produto C,737.09,0.0,E003,2023-02-01,2023-02-01,737.09
2023-01-02,Cancelamento - Compra Matéria-prima,849.99,0.0,F001,2023-01-02,2023-01-02,849.99
2023-01-04,Consultoria,8536.47,0.0,E002,2023-02-03,2023-02-03,8536.47
2023-01-04,Assinatura Trimestral,1013.22,0.0,C003,2023-01-19,2023-01-23,1013.22
2023-01-04,Pagamento Impostos,0.0,6378.48,ADM,2023-01-04,2023-01-04,6378.48
2023-01-05,Manutenção,1582.39,0.0,E020,2023-02-04,2023-02-08,1582.39
2023-01-05,Pagamento Bônus,0.0,7150.42,RH,2023-01-05,2023-01-05,7150.42
2023-01-05,Estorno - Produto C,0.0,681.16,C039,2023-01-05,2023-01-05,681.16
2023-01-06,Manutenção,976.83,0.0,C025,2023-01-21,2023-01-21,976.83
2023-01-06,Ajuste de Valor,0.0,328.85,COM,2023-01-06,2023-01-06,328.85
2023-01-07,Produto A,1040.84,0.0,C001,2023-01-22,2023-01-22,1040.84
2023-01-07,Contratação Serviços Terceirizados,0.0,2564.39,F001,2023-01-07,2023-01-07,2564.39
2023-01-08,Produto D,2383.31,0.0,C030,2023-01-23,2023-01-18,2383.31
2023-01-08,Manutenção Predial,0.0,1173.92,ADM,2023-01-08,2023-01-08,1173.92
2023-01-09,Assinatura Anual,2606.96,0.0,E027,2023-02-08,2023-02-08,2606.96
2023-01-10,Venda Excepcional - Produto B,34784.76,0.0,E026,2023-02-24,2023-03-17,34784.76
2023-01-11,Produto C,565.13,0.0,C017,2023-01-26,2023-01-26,565.13
2023-01-11,Cancelamento - Compra Matéria-prima,2105.53,0.0,S005,2023-01-11,2023-01-11,2105.53
2023-01-12,Manutenção,1896.93,0.0,C050,2023-01-27,2023-01-27,1896.93
2023-01-12,Produto E,322.8,0.0,C046,2023-01-27,2023-01-27,322.8
2023-01-12,Pagamento Benefícios,0.0,2766.93,RH,2023-01-12,2023-01-12,2766.93
2023-01-13,Pagamento Impostos,0.0,2435.43,ADM,2023-01-13,2023-01-13,2435.43
2023-01-14,Pagamento Seguros,0.0,1095.45,FIN,2023-01-14,2023-01-14,1095.45
2023-01-14,Pagamento Energia,0.0,1048.47,FIN,2023-01-14,2023-01-14,1048.47
2023-01-14,Despesa Publicidade Online,0.0,2423.68,MKT,2023-01-14,2023-01-14,2423.68
2023-01-14,Despesa Excepcional - Investimento,0.0,56262.12,ADM,2023-01-14,2023-01-14,56262.12
2023-01-15,Produto C,774.46,0.0,C032,2023-01-30,2023-01-30,774.46
2023-01-15,Assinatura Anual,3762.07,0.0,E024,2023-02-14,2023-02-14,3762.07
2023-01-15,Contratação Serviços Terceirizados,0.0,3921.42,F003,2023-01-15,2023-01-15,3921.42
2023-01-16,Produto C,682.17,0.0,G001,2023-03-17,2023-03-17,682.17
2023-01-16,Produto D,2416.15,0.0,G006,2023-03-17,,2416.15
2023-01-16,Produto A,843.54,0.0,C048,2023-01-31,2023-02-01,843.54
2023-01-16,Produto C,887.03,0.0,C023,2023-01-31,2023-01-31,887.03
2023-01-16,Produto B,1922.22,0.0,C041,2023-01-31,2023-01-31,1922.22
2023-01-16,Pagamento Benefícios,0.0,2752.51,RH,2023-01-16,2023-01-16,2752.51
2023-01-16,Despesa Publicidade Online,0.0,976.04,MKT,2023-01-16,2023-01-16,976.04
2023-01-17,Pagamento Energia,0.0,937.03,FIN,2023-01-17,2023-01-17,937.03
2023-01-18,Produto F,5953.84,0.0,E003,2023-02-17,2023-02-22,5953.84
2023-01-18,Pagamento Impostos,0.0,1508.87,FIN,2023-01-18,2023-01-18,1508.87
2023-01-18,Manutenção Predial,0.0,1709.61,ADM,2023-01-18,2023-01-18,1709.61
2023-01-18,Ajuste de Valor,0.0,102.04,COM,2023-01-18,2023-01-18,102.04
2023-01-20,Compra Matéria-prima,0.0,2893.61,S014,2023-01-20,2023-01-20,2893.61
2023-01-21,Produto C,657.95,0.0,G009,2023-03-22,2023-03-25,657.95
2023-01-21,Produto E,474.69,0.0,C035,2023-02-05,2023-02-05,474.69
2023-01-21,Pagamento Aluguel,0.0,2459.86,ADM,2023-01-21,2023-01-21,2459.86
2023-01-21,Despesa Excepcional - Investimento,0.0,57993.08,ADM,2023-01-21,2023-01-21,57993.08
2023-01-22,Pagamento Internet,0.0,247.61,FIN,2023-01-22,2023-01-22,247.61
2023-01-24,Produto F,6287.05,0.0,E018,2023-02-23,2023-02-23,6287.05
2023-01-24,Produto D,2128.18,0.0,C027,2023-02-08,2023-02-08,2128.18
2023-01-24,Manutenção Predial,0.0,1366.95,ADM,2023-01-24,2023-01-24,1366.95
2023-01-24,Pagamento Salários,0.0,8042.64,RH,2023-01-24,2023-01-24,8042.64
2023-01-25,Produto B,1501.4,0.0,C007,2023-02-09,2023-02-09,1501.4
2023-01-25,Despesa Relações Públicas,0.0,2713.88,MKT,2023-01-25,2023-01-25,2713.88
2023-01-26,Pagamento Bônus,0.0,8810.45,RH,2023-01-26,2023-01-26,8810.45
2023-01-27,Consultoria,7653.5,0.0,E023,2023-02-26,2023-03-06,7653.5
2023-01-27,Pagamento Impostos,0.0,7416.25,ADM,2023-01-27,2023-01-27,7416.25
2023-01-27,Pagamento Telefone,0.0,207.79,ADM,2023-01-27,2023-01-27,207.79
2023-01-27,Pagamento Treinamentos,0.0,1861.64,RH,2023-01-27,2023-01-27,1861.64
2023-01-28,Produto E,360.16,0.0,C039,2023-02-12,2023-02-12,360.16
2023-01-28,Contratação Serviços Terceirizados,0.0,2080.98,F010,2023-01-28,2023-01-28,2080.98
2023-01-28,Pagamento Treinamentos,0.0,2789.98,RH,2023-01-28,2023-01-28,2789.98
2023-01-28,Venda Excepcional - Produto D,24251.58,0.0,E005,2023-03-14,2023-04-08,24251.58
2023-01-29,Pagamento Treinamentos,0.0,1454.07,RH,2023-01-29,2023-01-29,1454.07
2023-01-29,Ajuste de Valor,0.0,420.76,LOG,2023-01-29,2023-01-29,420.76
2023-01-30,Manutenção,1107.17,0.0,E011,2023-03-01,2023-03-01,1107.17
2023-01-30,Produto F,7799.06,0.0,C032,2023-02-14,2023-02-14,7799.06
2023-01-30,Produto E,320.19,0.0,G007,2023-03-31,2023-03-31,320.19
2023-02-02,Produto D,2733.49,0.0,C043,2023-02-17,2023-02-17,2733.49
2023-02-02,Produto E,455.44,0.0,E021,2023-03-04,2023-03-04,455.44
2023-02-02,Produto C,600.09,0.0,C026,2023-02-17,2023-02-17,600.09
2023-02-02,Pagamento Recrutamento,0.0,3972.37,RH,2023-02-02,2023-02-02,3972.37
2023-02-03,Produto A,852.57,0.0,G003,2023-04-04,2023-04-04,852.57
2023-02-04,Produto F,6080.67,0.0,C041,2023-02-19,2023-02-22,6080.67
2023-02-04,Manutenção,1271.76,0.0,E023,2023-03-06,2023-03-06,1271.76
2023-02-04,Pagamento Telefone,0.0,127.3,ADM,2023-02-04,2023-02-04,127.3
2023-02-04,Despesa Patrocínios,0.0,7263.52,MKT,2023-02-04,2023-02-04,7263.52
2023-02-05,Consultoria,5083.05,0.0,G008,2023-04-06,2023-04-18,5083.05
2023-02-05,Despesa Patrocínios,0.0,4003.05,MKT,2023-02-05,2023-02-05,4003.05
2023-02-05,Pagamento Impostos,0.0,7035.95,FIN,2023-02-05,2023-02-05,7035.95
2023-02-06,Produto E,465.26,0.0,G002,2023-04-07,2023-04-07,465.26
2023-02-06,Consultoria,8342.64,0.0,C049,2023-02-21,2023-02-21,8342.64
2023-02-06,Despesa Relações Públicas,0.0,4007.14,MKT,2023-02-06,2023-02-06,4007.14
2023-02-07,Produto C,864.73,0.0,C035,2023-02-22,2023-02-22,864.73
2023-02-07,Produto C,638.08,0.0,C050,2023-02-22,2023-02-22,638.08
2023-02-07,Suporte,1438.22,0.0,G001,2023-04-08,2023-04-08,1438.22
2023-02-07,Compra Equipamentos,0.0,4551.38,S010,2023-02-07,2023-02-07,4551.38
2023-02-08,Produto A,1053.95,0.0,G006,2023-04-09,2023-04-09,1053.95
2023-02-09,Produto C,650.41,0.0,C048,2023-02-24,2023-02-24,650.41
2023-02-09,Produto D,2010.18,0.0,E021,2023-03-11,2023-03-11,2010.18
2023-02-09,Produto D,2538.83,0.0,E015,2023-03-11,2023-03-11,2538.83
2023-02-09,Manutenção,684.42,0.0,C029,2023-02-24,2023-03-15,684.42
2023-02-09,Pagamento Recrutamento,0.0,2141.54,RH,2023-02-09,2023-02-09,2141.54
2023-02-09,Pagamento Seguros,0.0,1137.88,FIN,2023-02-09,2023-02-09,1137.88
2023-02-09,Despesa Publicidade Impressa,0.0,2162.51,MKT,2023-02-09,2023-02-09,2162.51
2023-02-10,Produto B,1704.9,0.0,E026,2023-03-12,2023-03-12,1704.9
2023-02-10,Produto C,689.7,0.0,C028,2023-02-25,2023-02-22,689.7
2023-02-10,Pagamento Energia,0.0,885.37,ADM,2023-02-10,2023-02-10,885.37
2023-02-10,Pagamento Energia,0.0,732.47,ADM,2023-02-10,2023-02-10,732.47
2023-02-11,Produto C,614.93,0.0,C015,2023-02-26,2023-02-26,614.93
2023-02-11,Produto B,1598.51,0.0,G003,2023-04-12,2023-04-12,1598.51
2023-02-11,Produto B,1898.76,0.0,G005,2023-04-12,2023-04-12,1898.76
2023-02-11,Despesa Publicidade Online,0.0,2654.96,MKT,2023-02-11,2023-02-11,2654.96
2023-02-11,Pagamento Impostos,0.0,2348.23,ADM,2023-02-11,2023-02-11,2348.23
2023-02-11,Pagamento Energia,0.0,1192.88,ADM,2023-02-11,2023-02-11,1192.88
2023-02-11,Ajuste de Centavos,0.0,0.04,MKT,2023-02-11,2023-02-11,0.04
2023-02-12,Produto E,429.18,0.0,C049,2023-02-27,2023-02-21,429.18
2023-02-12,Pagamento Treinamentos,0.0,2687.96,RH,2023-02-12,2023-02-12,2687.96
2023-02-13,Pagamento Telefone,0.0,249.01,FIN,2023-02-13,2023-02-13,249.01
2023-02-13,Despesa Patrocínios,0.0,8106.65,MKT,2023-02-13,2023-02-13,8106.65
2023-02-14,Produto E,449.28,0.0,C016,2023-03-01,2023-03-01,449.28
2023-02-14,Despesa Relações Públicas,0.0,3283.28,MKT,2023-02-14,2023-02-14,3283.28
2023-02-15,Produto D,2403.28,0.0,C023,2023-03-02,2023-03-02,2403.28
2023-02-15,Manutenção,1684.46,0.0,C002,2023-03-02,2023-03-05,1684.46
2023-02-15,Produto C,660.64,0.0,C012,2023-03-02,2023-03-02,660.64
2023-02-15,Pagamento Benefícios,0.0,1878.83,RH,2023-02-15,2023-02-15,1878.83
2023-02-15,Compra Equipamentos,0.0,5000.2,F019,2023-02-15,2023-02-15,5000.2
2023-02-16,Manutenção Predial,0.0,1065.15,ADM,2023-02-16,2023-02-16,1065.15
2023-02-16,Pagamento Aluguel,0.0,2270.66,FIN,2023-02-16,2023-02-16,2270.66
2023-02-16,Pagamento Salários,0.0,8071.08,RH,2023-02-16,2023-02-16,8071.08
2023-02-17,Produto C,838.22,0.0,C044,2023-03-04,2023-03-04,838.22
2023-02-17,Produto D,2477.81,0.0,C050,2023-03-04,2023-03-04,2477.81
2023-02-17,Produto E,366.94,0.0,C018,2023-03-04,2023-03-04,366.94
2023-02-18,Produto C,640.49,0.0,G008,2023-04-19,2023-04-19,640.49
2023-02-18,Produto B,1598.12,0.0,C022,2023-03-05,2023-03-05,1598.12
2023-02-18,Assinatura Anual,3464.58,0.0,C006,2023-03-05,2023-03-05,3464.58
2023-02-18,Compra Equipamentos,0.0,7251.39,F002,2023-02-18,2023-02-18,7251.39
2023-02-18,Pagamento Aluguel,0.0,2212.55,FIN,2023-02-18,2023-02-18,2212.55
2023-02-19,Manutenção,1168.49,0.0,C038,2023-03-06,2023-03-08,1168.49
2023-02-19,Produto A,995.43,0.0,C030,2023-03-06,2023-03-06,995.43
2023-02-19,Pagamento Benefícios,0.0,1859.13,RH,2023-02-19,2023-02-19,1859.13
2023-02-20,Produto B,1807.84,0.0,C032,2023-03-07,2023-03-07,1807.84
2023-02-20,Produto F,5194.99,0.0,G007,2023-04-21,2023-04-21,5194.99
2023-02-20,Assinatura Anual,3741.28,0.0,C040,2023-03-07,2023-03-07,3741.28
2023-02-20,Despesa Publicidade Online,0.0,1833.85,MKT,2023-02-20,2023-02-20,1833.85
2023-02-21,Produto F,7932.45,0.0,C004,2023-03-08,2023-03-08,7932.45
2023-02-21,Produto F,5086.82,0.0,G006,2023-04-22,2023-04-22,5086.82
2023-02-21,Produto C,810.53,0.0,C050,2023-03-08,2023-03-01,810.53
2023-02-21,Pagamento Telefone,0.0,116.29,ADM,2023-02-21,2023-02-21,116.29
2023-02-22,Produto C,749.47,0.0,C012,2023-03-09,2023-03-09,749.47
2023-02-23,Produto D,2500.36,0.0,C021,2023-03-10,2023-03-10,2500.36
2023-02-23,Pagamento Seguros,0.0,1433.3,FIN,2023-02-23,2023-02-23,1433.3
2023-02-24,Assinatura Mensal,370.03,0.0,E012,2023-03-26,2023-03-26,370.03
2023-02-24,Produto F,6457.18,0.0,C040,2023-03-11,2023-03-27,6457.18
2023-02-25,Produto D,2385.08,0.0,C023,2023-03-12,2023-03-12,2385.08
2023-02-25,Pagamento Telefone,0.0,117.25,FIN,2023-02-25,2023-02-25,117.25
2023-02-26,Ajuste de Valor,356.48,0.0,MKT,2023-02-26,2023-02-26,356.48
2023-02-27,Produto C,705.85,0.0,G004,2023-04-28,2023-04-28,705.85
2023-02-28,Produto D,2776.68,0.0,E001,2023-03-30,2023-04-02,2776.68
2023-02-28,Pagamento Bônus,0.0,7078.62,RH,2023-02-28,2023-02-28,7078.62
2023-03-01,Suporte,1272.91,0.0,C021,2023-03-16,2023-03-16,1272.91
2023-03-01,Pagamento Seguros,0.0,1130.12,FIN,2023-03-01,2023-03-01,1130.12
2023-03-01,Produto B,1785.7,0.0,C024,2023-03-16,2023-03-16,1785.7
2023-03-02,Pagamento Energia,0.0,1137.07,ADM,2023-03-02,2023-03-02,1137.07
2023-03-02,Pagamento Internet,0.0,291.51,FIN,2023-03-02,2023-03-02,291.51
2023-03-04,Produto D,2091.76,0.0,G002,2023-05-03,2023-05-03,2091.76
2023-03-04,Consultoria,7937.03,0.0,C036,2023-03-19,2023-03-19,7937.03
2023-03-04,Compra Matéria-prima,0.0,2186.37,F003,2023-03-04,2023-03-04,2186.37
2023-03-04,Pagamento Recrutamento,0.0,4472.41,RH,2023-03-04,2023-03-04,4472.41
2023-03-05,Produto B,1933.41,0.0,G008,2023-05-04,,1933.41
2023-03-05,Produto A,837.23,0.0,G009,2023-05-04,2023-05-07,837.23
2023-03-05,Pagamento Benefícios,0.0,2433.7,RH,2023-03-05,2023-03-05,2433.7
2023-03-05,Ajuste de Valor,443.11,0.0,ADM,2023-03-05,2023-03-05,443.11
2023-03-06,Produto B,1545.1,0.0,G009,2023-05-05,2023-05-05,1545.1
2023-03-06,Produto F,5118.72,0.0,E017,2023-04-05,2023-04-05,5118.72
2023-03-06,Pagamento Internet,0.0,206.73,FIN,2023-03-06,2023-03-06,206.73
2023-03-07,Produto C,764.52,0.0,G008,2023-05-06,2023-05-06,764.52
2023-03-07,Produto D,2916.09,0.0,E024,2023-04-06,2023-04-06,2916.09
2023-03-07,Compra Material Escritório,0.0,490.75,S012,2023-03-07,2023-03-07,490.75
2023-03-07,Compra Matéria-prima,0.0,4529.31,F020,2023-03-07,2023-03-07,4529.31
2023-03-08,Produto E,322.95,0.0,C047,2023-03-23,2023-03-23,322.95
2023-03-08,Produto D,2038.26,0.0,C039,2023-03-23,2023-03-23,2038.26
2023-03-08,Pagamento Impostos,0.0,6705.41,ADM,2023-03-08,2023-03-08,6705.41
2023-03-08,Pagamento Salários,0.0,11569.47,RH,2023-03-08,2023-03-08,11569.47
2023-03-09,Produto E,336.96,0.0,G010,2023-05-08,2023-05-08,336.96
2023-03-09,Consultoria,9127.25,0.0,C018,2023-03-24,2023-03-24,9127.25
2023-03-09,Assinatura Mensal,243.97,0.0,G010,2023-05-08,2023-05-08,243.97
2023-03-10,Treinamento,2367.0,0.0,C019,2023-03-25,2023-03-25,2367.0
2023-03-10,Produto F,6377.4,0.0,E027,2023-04-09,2023-04-09,6377.4
2023-03-10,Compra Matéria-prima,0.0,2676.23,S009,2023-03-10,2023-03-10,2676.23
2023-03-10,Contratação Serviços Terceirizados,0.0,4562.63,F019,2023-03-10,2023-03-10,4562.63
2023-03-11,Produto A,1064.28,0.0,E011,2023-04-10,2023-04-24,1064.28
2023-03-12,Pagamento Internet,0.0,255.13,ADM,2023-03-12,2023-03-12,255.13
2023-03-13,Produto D,2099.06,0.0,G008,2023-05-12,2023-05-12,2099.06
2023-03-13,Manutenção,1437.07,0.0,E002,2023-04-12,2023-04-12,1437.07
2023-03-13,Produto D,2384.99,0.0,E004,2023-04-12,2023-04-14,2384.99
2023-03-13,Produto A,1119.53,0.0,E016,2023-04-12,2023-04-12,1119.53
2023-03-14,Produto A,1017.48,0.0,C050,2023-03-29,2023-03-29,1017.48
2023-03-14,Produto A,1058.84,0.0,C040,2023-03-29,2023-03-29,1058.84
2023-03-14,Pagamento Salários,0.0,10136.94,RH,2023-03-14,2023-03-14,10136.94
2023-03-14,Pagamento Recrutamento,0.0,1219.99,RH,2023-03-14,2023-03-14,1219.99
2023-03-14,Pagamento Salários,0.0,8340.03,RH,2023-03-14,2023-03-14,8340.03
2023-03-15,Pagamento Seguros,0.0,1127.1,FIN,2023-03-15,2023-03-15,1127.1
2023-03-15,Pagamento Seguros,0.0,1098.7,ADM,2023-03-15,2023-03-15,1098.7
2023-03-15,Despesa Relações Públicas,0.0,3322.05,MKT,2023-03-15,2023-03-15,3322.05
2023-03-15,Pagamento Seguros,0.0,801.73,ADM,2023-03-15,2023-03-15,801.73
2023-03-16,Assinatura Trimestral,826.94,0.0,C036,2023-03-31,2023-03-31,826.94
2023-03-16,Pagamento Recrutamento,0.0,2688.95,RH,2023-03-16,2023-03-16,2688.95
2023-03-18,Produto E,313.49,0.0,C038,2023-04-02,2023-04-02,313.49
2023-03-18,Produto E,496.1,0.0,E009,2023-04-17,2023-04-17,496.1
2023-03-18,Produto A,1065.16,0.0,C019,2023-04-02,2023-04-02,1065.16
2023-03-19,Produto A,1137.73,0.0,C002,2023-04-03,2023-04-05,1137.73
2023-03-19,Pagamento Bônus,0.0,7494.86,RH,2023-03-19,2023-03-19,7494.86
2023-03-19,Pagamento Recrutamento,0.0,3545.21,RH,2023-03-19,2023-03-19,3545.21
2023-03-19,Pagamento Salários,0.0,12317.18,RH,2023-03-19,2023-03-19,12317.18
2023-03-20,Produto E,381.21,0.0,C032,2023-04-04,2023-04-04,381.21
2023-03-20,Produto B,1896.22,0.0,C009,2023-04-04,2023-04-04,1896.22
2023-03-20,Assinatura Anual,2293.97,0.0,G008,2023-05-19,2023-05-19,2293.97
2023-03-20,Compra Matéria-prima,0.0,3263.56,F004,2023-03-20,2023-03-20,3263.56
2023-03-20,Contratação Serviços Terceirizados,0.0,5609.7,S009,2023-03-20,2023-03-20,5609.7
2023-03-20,Compra Matéria-prima,0.0,1258.99,F005,2023-03-20,2023-03-20,1258.99
2023-03-21,Produto F,7109.57,0.0,E026,2023-04-20,2023-04-20,7109.57
2023-03-21,Manutenção,1801.07,0.0,G001,2023-05-20,2023-05-20,1801.07
2023-03-21,Pagamento Treinamentos,0.0,1988.29,RH,2023-03-21,2023-03-21,1988.29
2023-03-21,Despesa Excepcional - Investimento,0.0,72029.57,PROD,2023-03-21,2023-03-21,72029.57
2023-03-21,Despesa Excepcional - Investimento,0.0,72029.57,PROD,2023-03-21,2023-03-21,72029.57
2023-03-23,Consultoria,8921.66,0.0,G001,2023-05-22,2023-05-22,8921.66
2023-03-23,Produto D,2828.68,0.0,C015,2023-04-07,2023-04-07,2828.68
2023-03-23,Despesa Publicidade Online,0.0,727.21,MKT,2023-03-23,2023-03-23,727.21
2023-03-23,Pagamento Energia,0.0,1063.12,FIN,2023-03-23,2023-03-23,1063.12
2023-03-24,Produto F,6591.27,0.0,C023,2023-04-08,2023-04-08,6591.27
2023-03-24,Assinatura Mensal,420.24,0.0,C033,2023-04-08,2023-04-08,420.24
2023-03-24,Produto F,5383.03,0.0,G007,2023-05-23,2023-05-23,5383.03
2023-03-24,Treinamento,2115.62,0.0,C025,2023-04-08,2023-04-08,2115.62
2023-03-24,Compra Equipamentos,0.0,14143.34,F001,2023-03-24,2023-03-24,14143.34
2023-03-25,Treinamento,2168.65,0.0,G007,2023-05-24,2023-05-24,2168.65
2023-03-25,Produto E,313.04,0.0,C035,2023-04-09,2023-04-09,313.04
2023-03-25,Pagamento Seguros,0.0,983.77,FIN,2023-03-25,2023-03-25,983.77
2023-03-26,Produto F,6195.22,0.0,C003,2023-04-10,2023-04-02,6195.22
2023-03-26,Produto D,2953.17,0.0,C026,2023-04-10,2023-04-10,2953.17
2023-03-26,Produto E,333.17,0.0,C042,2023-04-10,2023-04-10,333.17
2023-03-26,Pagamento Recrutamento,0.0,1870.24,RH,2023-03-26,2023-03-26,1870.24
2023-03-27,Produto E,333.08,0.0,E019,2023-04-26,2023-04-26,333.08
2023-03-27,Produto F,7597.15,0.0,E025,2023-04-26,2023-05-01,7597.15
2023-03-27,Compra Matéria-prima,0.0,2502.72,S011,2023-03-27,2023-03-27,2502.72
2023-03-29,Assinatura Trimestral,523.73,0.0,E002,2023-04-28,2023-04-28,523.73
2023-03-29,Produto E,350.82,0.0,C050,2023-04-13,2023-04-13,350.82
2023-03-29,Consultoria,3133.05,0.0,C035,2023-04-13,2023-04-13,3133.05
2023-03-29,Suporte,1436.1,0.0,C037,2023-04-13,2023-04-14,1436.1
2023-03-29,Produto B,1844.68,0.0,C044,2023-04-13,2023-04-13,1844.68
2023-03-29,Pagamento Treinamentos,0.0,2432.58,RH,2023-03-29,2023-03-29,2432.58
2023-03-30,Manutenção,1644.53,0.0,C049,2023-04-14,2023-04-14,1644.53
2023-03-31,Produto F,5337.78,0.0,E004,2023-04-30,2023-04-30,5337.78
2023-03-31,Produto E,498.33,0.0,E023,2023-04-30,2023-04-30,498.33
2023-03-31,Despesa Publicidade Online,0.0,1093.52,MKT,2023-03-31,2023-03-31,1093.52
2023-04-01,Produto E,337.27,0.0,E003,2023-05-01,2023-05-01,337.27
2023-04-01,Produto D,2210.86,0.0,C010,2023-04-16,2023-04-16,2210.86
2023-04-01,Pagamento Aluguel,0.0,2195.35,FIN,2023-04-01,2023-04-01,2195.35
2023-04-02,Produto E,460.73,0.0,E019,2023-05-02,2023-05-11,460.73
2023-04-02,Produto F,6232.78,0.0,C018,2023-04-17,2023-04-17,6232.78
2023-04-02,Produto D,2015.72,0.0,G004,2023-06-01,2023-06-01,2015.72
2023-04-02,Produto C,1156.29,0.0,G005,2023-06-01,2023-06-01,1156.29
2023-04-02,Consultoria,10828.54,0.0,C024,2023-04-17,2023-04-17,10828.54
2023-04-02,Compra Equipamentos,0.0,13000.28,F019,2023-04-02,2023-04-02,13000.28
2023-04-02,Compra Equipamentos,0.0,2712.8,F017,2023-04-02,2023-04-02,2712.8
2023-04-03,Pagamento Salários,0.0,8724.64,RH,2023-04-03,2023-04-03,8724.64
2023-04-04,Produto B,2001.64,0.0,G009,2023-06-03,2023-06-03,2001.64
2023-04-04,Suporte,1552.2,0.0,C006,2023-04-19,2023-05-17,1552.2
2023-04-04,Treinamento,5964.96,0.0,C033,2023-04-19,2023-04-19,5964.96
2023-04-04,Produto B,2380.14,0.0,E015,2023-05-04,2023-05-04,2380.14
2023-04-04,Contratação Serviços Terceirizados,0.0,3283.61,S014,2023-04-04,2023-04-04,3283.61
2023-04-05,Produto A,1071.03,0.0,C031,2023-04-20,2023-04-20,1071.03
2023-04-05,Assinatura Mensal,633.52,0.0,G001,2023-06-04,2023-06-04,633.52
2023-04-05,Compra Equipamentos,0.0,12025.85,F008,2023-04-05,2023-04-05,12025.85
2023-04-05,Pagamento Recrutamento,0.0,2191.06,RH,2023-04-05,2023-04-05,2191.06
2023-04-06,Produto E,304.53,0.0,C006,2023-04-21,2023-04-21,304.53
2023-04-06,Consultoria,7498.69,0.0,C021,2023-04-21,2023-04-21,7498.69
2023-04-06,Manutenção,690.55,0.0,C034,2023-04-21,2023-04-21,690.55
2023-04-07,Pagamento Seguros,0.0,1050.32,FIN,2023-04-07,2023-04-07,1050.32
2023-04-07,Treinamento,2863.93,0.0,C004,2023-04-22,2023-04-22,2863.93
2023-04-08,Produto B,1595.56,0.0,E014,2023-05-08,2023-05-08,1595.56
2023-04-08,Produto A,810.03,0.0,C001,2023-04-23,2023-04-23,810.03
2023-04-08,Produto A,1066.41,0.0,C036,2023-04-23,2023-04-27,1066.41
2023-04-09,Produto C,871.68,0.0,C037,2023-04-24,2023-04-24,871.68
2023-04-09,Compra Matéria-prima,0.0,2777.92,F016,2023-04-09,2023-04-09,2777.92
2023-04-09,Compra Material Escritório,0.0,341.75,S004,2023-04-09,2023-04-09,341.75
2023-04-09,Manutenção Predial,0.0,1423.92,FIN,2023-04-09,2023-04-09,1423.92
2023-04-09,Despesa Publicidade Impressa,0.0,5988.35,MKT,2023-04-09,2023-04-09,5988.35
2023-04-10,Produto C,844.68,0.0,C022,2023-04-25,2023-04-25,844.68
2023-04-10,Pagamento Impostos,0.0,7323.46,FIN,2023-04-10,2023-04-10,7323.46
2023-04-10,Pagamento Aluguel,0.0,2284.75,ADM,2023-04-10,2023-04-10,2284.75
2023-04-11,Produto C,911.6,0.0,E018,2023-05-11,2023-05-11,911.6
2023-04-11,Assinatura Anual,4897.46,0.0,C019,2023-04-26,2023-04-28,4897.46
2023-04-11,Produto F,8055.97,0.0,G005,2023-06-10,2023-06-10,8055.97
2023-04-11,Despesa Relações Públicas,0.0,3553.55,MKT,2023-04-11,2023-04-11,3553.55
2023-04-12,Suporte,1890.5,0.0,G008,2023-06-11,2023-06-11,1890.5
2023-04-12,Suporte,1189.35,0.0,C047,2023-04-27,2023-04-27,1189.35
2023-04-12,Produto F,6104.67,0.0,C031,2023-04-27,2023-04-27,6104.67
2023-04-12,Suporte,1535.44,0.0,C014,2023-04-27,2023-04-27,1535.44
2023-04-13,Produto F,6136.45,0.0,E029,2023-05-13,2023-05-13,6136.45
2023-04-13,Produto F,8686.74,0.0,G005,2023-06-12,2023-06-12,8686.74
2023-04-13,Despesa Excepcional - Investimento,0.0,91678.15,FIN,2023-04-13,2023-04-13,91678.15
2023-04-14,Produto D,2183.43,0.0,G009,2023-06-13,2023-06-07,2183.43
2023-04-14,Produto E,320.39,0.0,G006,2023-06-13,2023-06-13,320.39
2023-04-15,Produto B,1806.04,0.0,E010,2023-05-15,2023-05-16,1806.04
2023-04-15,Treinamento,2668.9,0.0,C017,2023-04-30,2023-04-30,2668.9
2023-04-15,Produto B,2353.05,0.0,G008,2023-06-14,2023-06-14,2353.05
2023-04-15,Pagamento Treinamentos,0.0,2292.44,RH,2023-04-15,2023-04-15,2292.44
2023-04-16,Suporte,1636.82,0.0,C001,2023-05-01,2023-05-01,1636.82
2023-04-16,Assinatura Mensal,415.33,0.0,E008,2023-05-16,2023-05-16,415.33
2023-04-16,Produto A,1075.76,0.0,G010,2023-06-15,2023-06-17,1075.76
2023-04-16,Pagamento Benefícios,0.0,1808.39,RH,2023-04-16,2023-04-16,1808.39
2023-04-17,Produto E,475.28,0.0,C047,2023-05-02,2023-04-25,475.28
2023-04-17,Produto A,891.93,0.0,E001,2023-05-17,2023-05-17,891.93
2023-04-17,Produto E,360.13,0.0,E026,2023-05-17,2023-05-17,360.13
2023-04-17,Pagamento Recrutamento,0.0,3830.84,RH,2023-04-17,2023-04-17,3830.84
2023-04-17,Venda Excepcional - Produto C,24635.49,0.0,G009,2023-06-01,2023-06-04,24635.49
2023-04-18,Consultoria,5977.67,0.0,C026,2023-05-03,2023-05-03,5977.67
2023-04-18,Produto B,1996.29,0.0,C024,2023-05-03,2023-05-21,1996.29
2023-04-18,Assinatura Anual,3964.72,0.0,E024,2023-05-18,2023-05-18,3964.72
2023-04-19,Produto B,1752.93,0.0,C028,2023-05-04,2023-05-04,1752.93
2023-04-19,Contratação Serviços Terceirizados,0.0,5199.62,F005,2023-04-19,2023-04-19,5199.62
2023-04-20,Produto E,326.2,0.0,E001,2023-05-20,2023-05-21,326.2
2023-04-22,Produto D,2489.27,0.0,G004,2023-06-21,2023-07-10,2489.27
2023-04-22,Assinatura Mensal,496.33,0.0,E019,2023-05-22,2023-05-22,496.33
2023-04-22,Produto E,474.31,0.0,C014,2023-05-07,2023-05-07,474.31
2023-04-22,Treinamento,2522.0,0.0,G004,2023-06-21,2023-06-21,2522.0
2023-04-22,Pagamento Água,0.0,376.35,FIN,2023-04-22,2023-04-22,376.35
2023-04-22,Pagamento Internet,0.0,292.67,FIN,2023-04-22,2023-04-22,292.67
2023-04-22,Compra Material Escritório,0.0,320.83,F012,2023-04-22,2023-04-22,320.83
2023-04-23,Produto D,2018.46,0.0,C024,2023-05-08,2023-04-28,2018.46
2023-04-23,Pagamento Bônus,0.0,8028.54,RH,2023-04-23,2023-04-23,8028.54
2023-04-23,Pagamento Treinamentos,0.0,3478.87,RH,2023-04-23,2023-04-23,3478.87
2023-04-24,Treinamento,2508.75,0.0,E028,2023-05-24,,2508.75
2023-04-24,Pagamento Telefone,0.0,199.69,ADM,2023-04-24,2023-04-24,199.69
2023-04-25,Pagamento Recrutamento,0.0,3125.06,RH,2023-04-25,2023-04-25,3125.06
2023-04-25,Despesa Patrocínios,0.0,2795.02,MKT,2023-04-25,2023-04-25,2795.02
2023-04-26,Produto C,773.6,0.0,E008,2023-05-26,2023-05-16,773.6
2023-04-27,Produto A,809.0,0.0,E010,2023-05-27,2023-05-27,809.0
2023-04-28,Produto E,421.97,0.0,E017,2023-05-28,2023-05-28,421.97
2023-04-28,Assinatura Mensal,384.2,0.0,C005,2023-05-13,2023-05-13,384.2
2023-04-29,Suporte,1429.52,0.0,G004,2023-06-28,2023-06-28,1429.52
2023-04-29,Consultoria,9238.29,0.0,C017,2023-05-14,2023-05-14,9238.29
2023-04-29,Produto D,2046.14,0.0,C022,2023-05-14,2023-05-14,2046.14
2023-04-29,Manutenção,1049.5,0.0,E013,2023-05-29,2023-05-29,1049.5
2023-04-29,Despesa Eventos,0.0,3653.18,MKT,2023-04-29,2023-04-29,3653.18
2023-04-30,Produto D,2935.97,0.0,C002,2023-05-15,2023-05-15,2935.97
2023-04-30,Produto E,381.24,0.0,E027,2023-05-30,2023-06-27,381.24
2023-05-01,Produto A,815.23,0.0,C008,2023-05-16,2023-05-16,815.23
2023-05-01,Produto D,2365.49,0.0,C048,2023-05-16,2023-05-16,2365.49
2023-05-01,Produto E,405.11,0.0,E007,2023-05-31,2023-05-31,405.11
2023-05-01,Assinatura Mensal,483.63,0.0,C046,2023-05-16,2023-05-16,483.63
2023-05-01,Despesa Patrocínios,0.0,1946.52,MKT,2023-05-01,2023-05-01,1946.52
2023-05-02,Suporte,1237.43,0.0,E015,2023-06-01,2023-06-01,1237.43
2023-05-02,Produto F,5260.3,0.0,C023,2023-05-17,2023-05-17,5260.3
2023-05-02,Assinatura Anual,2911.41,0.0,E006,2023-06-01,2023-06-01,2911.41
2023-05-02,Compra Material Escritório,0.0,540.26,F011,2023-05-02,2023-05-02,540.26
2023-05-03,Produto D,2220.55,0.0,C035,2023-05-18,2023-05-18,2220.55
2023-05-04,Produto D,2624.6,0.0,G004,2023-07-03,2023-07-08,2624.6
2023-05-04,Produto A,966.13,0.0,E013,2023-06-03,2023-06-03,966.13
2023-05-04,Produto F,5660.61,0.0,C031,2023-05-19,2023-05-19,5660.61
2023-05-04,Compra Matéria-prima,0.0,2483.1,F020,2023-05-04,2023-05-04,2483.1
2023-05-04,Pagamento Internet,0.0,167.17,FIN,2023-05-04,2023-05-04,167.17
2023-05-05,Produto E,315.77,0.0,E014,2023-06-04,2023-06-04,315.77
2023-05-05,Produto B,1558.84,0.0,G008,2023-07-04,2023-07-06,1558.84
2023-05-05,Treinamento,2748.37,0.0,E023,2023-06-04,2023-06-04,2748.37
2023-05-05,Produto F,6625.26,0.0,E017,2023-06-04,2023-06-04,6625.26
2023-05-05,Pagamento Internet,0.0,255.67,FIN,2023-05-05,2023-05-05,255.67
2023-05-05,Pagamento Telefone,0.0,170.45,ADM,2023-05-05,2023-05-05,170.45
2023-05-05,Pagamento Telefone,0.0,170.45,ADM,2023-05-05,2023-05-05,170.45
2023-05-06,Produto B,1986.93,0.0,G001,2023-07-05,2023-07-05,1986.93
2023-05-06,Produto A,1039.71,0.0,E028,2023-06-05,2023-06-05,1039.71
2023-05-06,Produto C,806.92,0.0,C050,2023-05-21,2023-05-21,806.92
2023-05-07,Produto B,1667.14,0.0,C026,2023-05-22,2023-05-12,1667.14
2023-05-07,Produto A,1501.33,0.0,C008,2023-05-22,2023-05-26,1501.33
2023-05-07,Produto E,331.05,0.0,E029,2023-06-06,2023-06-06,331.05
2023-05-07,Contratação Serviços Terceirizados,0.0,2792.47,S005,2023-05-07,2023-05-07,2792.47
2023-05-08,Produto E,482.55,0.0,C015,2023-05-23,2023-05-23,482.55
2023-05-08,Pagamento Treinamentos,0.0,2927.76,RH,2023-05-08,2023-05-08,2927.76
2023-05-09,Produto B,2439.0,0.0,E028,2023-06-08,2023-06-08,2439.0
2023-05-10,Suporte,955.5,0.0,C015,2023-05-25,2023-05-25,955.5
2023-05-10,Produto D,2327.52,0.0,E013,2023-06-09,2023-06-03,2327.52
2023-05-10,Pagamento Treinamentos,0.0,3477.59,RH,2023-05-10,2023-05-10,3477.59
2023-05-10,Despesa Publicidade Online,0.0,3539.84,MKT,2023-05-10,2023-05-10,3539.84
2023-05-11,Produto A,1130.01,0.0,C043,2023-05-26,2023-05-26,1130.01
2023-05-11,Pagamento Benefícios,0.0,2314.62,RH,2023-05-11,2023-05-11,2314.62
2023-05-11,Compra Equipamentos,0.0,3853.88,S010,2023-05-11,2023-05-11,3853.88
2023-05-12,Produto E,436.83,0.0,E021,2023-06-11,2023-07-01,436.83
2023-05-13,Produto B,1642.4,0.0,G002,2023-07-12,2023-07-08,1642.4
2023-05-13,Produto D,3002.25,0.0,E001,2023-06-12,2023-06-12,3002.25
2023-05-13,Consultoria,10129.18,0.0,C001,2023-05-28,2023-05-28,10129.18
2023-05-14,Produto D,2113.25,0.0,G002,2023-07-13,2023-08-11,2113.25
2023-05-14,Assinatura Mensal,510.31,0.0,G006,2023-07-13,2023-07-13,510.31
2023-05-14,Pagamento Seguros,0.0,1267.73,FIN,2023-05-14,2023-05-14,1267.73
2023-05-14,Pagamento Impostos,0.0,5088.51,ADM,2023-05-14,2023-05-14,5088.51
2023-05-14,Despesa Publicidade Online,0.0,2027.98,MKT,2023-05-14,2023-05-14,2027.98
2023-05-15,Produto F,6525.72,0.0,E029,2023-06-14,2023-06-14,6525.72
2023-05-16,Assinatura Anual,4533.92,0.0,G004,2023-07-15,2023-07-15,4533.92
2023-05-16,Produto E,556.21,0.0,E028,2023-06-15,2023-06-15,556.21
2023-05-16,Manutenção,1476.28,0.0,E009,2023-06-15,2023-06-15,1476.28
2023-05-16,Compra Equipamentos,0.0,12232.21,F009,2023-05-16,2023-05-16,12232.21
2023-05-16,Compra Matéria-prima,0.0,4785.5,F015,2023-05-16,2023-05-16,4785.5
2023-05-16,Estorno - Produto B,0.0,2816.61,C009,2023-05-16,2023-05-16,2816.61
2023-05-17,Assinatura Trimestral,1328.1,0.0,C005,2023-06-01,2023-06-01,1328.1
2023-05-17,Treinamento,2513.75,0.0,E018,2023-06-16,2023-06-16,2513.75
2023-05-17,Pagamento Água,0.0,245.03,FIN,2023-05-17,2023-05-17,245.03
2023-05-17,Pagamento Internet,0.0,215.13,FIN,2023-05-17,2023-05-17,215.13
2023-05-18,Produto E,503.92,0.0,G008,2023-07-17,2023-07-17,503.92
2023-05-18,Produto B,2374.18,0.0,C014,2023-06-02,2023-06-02,2374.18
2023-05-18,Despesa Publicidade Impressa,0.0,2569.58,MKT,2023-05-18,2023-05-18,2569.58
2023-05-19,Despesa Publicidade Online,0.0,2584.88,MKT,2023-05-19,2023-05-19,2584.88
2023-05-19,Pagamento Impostos,0.0,4579.33,ADM,2023-05-19,2023-05-19,4579.33
2023-05-20,Produto D,2091.23,0.0,G006,2023-07-19,2023-07-19,2091.23
2023-05-21,Assinatura Trimestral,1307.88,0.0,C009,2023-06-05,2023-06-05,1307.88
2023-05-21,Produto D,2214.73,0.0,E006,2023-06-20,2023-06-20,2214.73
2023-05-21,Produto F,8287.06,0.0,C038,2023-06-05,2023-06-30,8287.06
2023-05-21,Produto D,2663.32,0.0,C020,2023-06-05,2023-06-05,2663.32
2023-05-21,Produto D,2381.79,0.0,C017,2023-06-05,2023-06-05,2381.79
2023-05-21,Pagamento Bônus,0.0,6089.39,RH,2023-05-21,2023-05-21,6089.39
2023-05-21,Pagamento Salários,0.0,13794.61,RH,2023-05-21,2023-05-21,13794.61
2023-05-22,Produto C,644.12,0.0,G001,2023-07-21,2023-07-21,644.12
2023-05-22,Compra Equipamentos,0.0,11776.19,F004,2023-05-22,2023-05-22,11776.19
2023-05-23,Produto F,7895.77,0.0,G007,2023-07-22,2023-07-22,7895.77
2023-05-23,Produto A,869.9,0.0,C024,2023-06-07,2023-06-07,869.9
2023-05-23,Produto C,851.89,0.0,E001,2023-06-22,2023-06-22,851.89
2023-05-24,Produto B,1766.92,0.0,C019,2023-06-08,2023-06-08,1766.92
2023-05-24,Produto C,850.11,0.0,E030,2023-06-23,2023-06-23,850.11
2023-05-24,Suporte,984.5,0.0,C045,2023-06-08,2023-06-08,984.5
2023-05-24,Produto C,832.45,0.0,C045,2023-06-08,2023-06-08,832.45
2023-05-25,Produto F,5981.46,0.0,C042,2023-06-09,2023-06-09,5981.46
2023-05-25,Assinatura Anual,3893.22,0.0,E013,2023-06-24,2023-06-24,3893.22
2023-05-25,Contratação Serviços Terceirizados,0.0,5826.62,F012,2023-05-25,2023-05-25,5826.62
2023-05-26,Produto E,429.9,0.0,G003,2023-07-25,2023-07-26,429.9
2023-05-26,Produto B,1797.6,0.0,C030,2023-06-10,2023-06-10,1797.6
2023-05-26,Produto E,392.36,0.0,C010,2023-06-10,2023-06-10,392.36
2023-05-26,Produto B,1754.1,0.0,E016,2023-06-25,2023-06-25,1754.1
2023-05-27,Treinamento,4123.79,0.0,G002,2023-07-26,2023-07-26,4123.79
2023-05-27,Produto B,1580.34,0.0,C007,2023-06-11,2023-06-11,1580.34
2023-05-27,Assinatura Anual,1868.17,0.0,G007,2023-07-26,2023-07-21,1868.17
2023-05-27,Pagamento Impostos,0.0,3494.78,ADM,2023-05-27,2023-05-27,3494.78
2023-05-28,Produto F,5951.61,0.0,E029,2023-06-27,2023-06-27,5951.61
2023-05-28,Produto E,408.61,0.0,E004,2023-06-27,2023-06-27,408.61
2023-05-28,Produto A,981.72,0.0,E028,2023-06-27,2023-06-27,981.72
2023-05-29,Consultoria,4056.16,0.0,C013,2023-06-13,2023-06-13,4056.16
2023-05-29,Pagamento Treinamentos,0.0,2985.07,RH,2023-05-29,2023-05-29,2985.07
2023-05-30,Produto B,1897.93,0.0,C024,2023-06-14,2023-06-14,1897.93
2023-05-30,Produto B,1565.21,0.0,C006,2023-06-14,2023-06-14,1565.21
2023-05-30,Manutenção Predial,0.0,394.61,ADM,2023-05-30,2023-05-30,394.61
2023-05-30,Despesa Relações Públicas,0.0,3249.68,MKT,2023-05-30,2023-05-30,3249.68
2023-05-31,Suporte,1254.56,0.0,E006,2023-06-30,2023-06-30,1254.56
2023-05-31,Compra Equipamentos,0.0,6421.24,F001,2023-05-31,2023-05-31,6421.24
2023-06-02,Produto D,2284.97,0.0,C036,2023-06-17,2023-06-17,2284.97
2023-06-02,Compra Material Escritório,0.0,625.3,S004,2023-06-02,2023-06-02,625.3
2023-06-02,Contratação Serviços Terceirizados,0.0,2866.65,F009,2023-06-02,2023-06-02,2866.65
2023-06-02,Pagamento Bônus,0.0,5042.59,RH,2023-06-02,2023-06-02,5042.59
2023-06-03,Suporte,1231.42,0.0,C050,2023-06-18,2023-06-18,1231.42
2023-06-03,Produto F,5122.21,0.0,C045,2023-06-18,2023-07-04,5122.21
2023-06-03,Despesa Publicidade Impressa,0.0,3026.31,MKT,2023-06-03,2023-06-03,3026.31
2023-06-03,Compra Material Escritório,0.0,619.55,F006,2023-06-03,2023-06-03,619.55
2023-06-04,Produto D,2527.05,0.0,G001,2023-08-03,2023-08-03,2527.05
2023-06-04,Produto F,6945.77,0.0,C017,2023-06-19,2023-06-19,6945.77
2023-06-04,Produto E,407.98,0.0,C034,2023-06-19,2023-06-19,407.98
2023-06-04,Manutenção,597.76,0.0,C025,2023-06-19,2023-06-13,597.76
2023-06-04,Produto D,2567.36,0.0,C024,2023-06-19,2023-06-19,2567.36
2023-06-04,Compra Equipamentos,0.0,9050.19,F011,2023-06-04,2023-06-04,9050.19
2023-06-05,Produto B,2348.97,0.0,G003,2023-08-04,2023-07-28,2348.97
2023-06-05,Pagamento Treinamentos,0.0,938.38,RH,2023-06-05,2023-06-05,938.38
2023-06-05,Pagamento Telefone,0.0,226.0,FIN,2023-06-05,2023-06-05,226.0
2023-06-05,Pagamento Salários,0.0,10094.48,RH,2023-06-05,2023-06-05,10094.48
2023-06-05,Pagamento Recrutamento,0.0,4532.86,RH,2023-06-05,2023-06-05,4532.86
2023-06-06,Suporte,1283.72,0.0,C029,2023-06-21,2023-06-25,1283.72
2023-06-06,Manutenção,1903.92,0.0,C006,2023-06-21,2023-06-21,1903.92
2023-06-06,Pagamento Benefícios,0.0,2865.34,RH,2023-06-06,2023-06-06,2865.34
2023-06-07,Produto F,5489.48,0.0,C003,2023-06-22,2023-06-22,5489.48
2023-06-08,Produto A,820.09,0.0,C043,2023-06-23,2023-06-23,820.09
2023-06-09,Consultoria,9238.94,0.0,E007,2023-07-09,2023-07-20,9238.94
2023-06-10,Produto A,983.06,0.0,C047,2023-06-25,2023-06-25,983.06
2023-06-10,Produto C,784.17,0.0,C025,2023-06-25,2023-06-27,784.17
2023-06-10,Assinatura Mensal,210.45,0.0,E007,2023-07-10,2023-07-02,210.45
2023-06-10,Despesa Eventos,0.0,11935.6,MKT,2023-06-10,2023-06-10,11935.6
2023-06-11,Manutenção,783.37,0.0,E021,2023-07-11,2023-07-11,783.37
2023-06-11,Ajuste de Valor,467.99,0.0,RH,2023-06-11,2023-06-11,467.99
2023-06-12,Produto E,409.9,0.0,C013,2023-06-27,2023-06-27,409.9
2023-06-12,Produto D,2098.98,0.0,E001,2023-07-12,2023-07-12,2098.98
2023-06-12,Pagamento Treinamentos,0.0,1285.94,RH,2023-06-12,2023-06-12,1285.94
2023-06-12,Pagamento Treinamentos,0.0,3214.07,RH,2023-06-12,2023-06-12,3214.07
2023-06-13,Suporte,1200.85,0.0,C044,2023-06-28,2023-06-25,1200.85
2023-06-13,Pagamento Treinamentos,0.0,1623.13,RH,2023-06-13,2023-06-13,1623.13
2023-06-13,Manutenção Predial,0.0,1181.38,ADM,2023-06-13,2023-06-13,1181.38
2023-06-14,Pagamento Aluguel,0.0,2131.04,ADM,2023-06-14,2023-06-14,2131.04
2023-06-14,Pagamento Água,0.0,319.14,FIN,2023-06-14,2023-06-14,319.14
2023-06-15,Produto D,2665.36,0.0,C018,2023-06-30,2023-06-30,2665.36
2023-06-15,Pagamento Aluguel,0.0,2111.71,FIN,2023-06-15,2023-06-15,2111.71
2023-06-16,Despesa Eventos,0.0,3048.94,MKT,2023-06-16,2023-06-16,3048.94
2023-06-17,Produto C,718.16,0.0,C004,2023-07-02,2023-07-02,718.16
2023-06-17,Produto F,8121.14,0.0,E009,2023-07-17,2023-07-17,8121.14
2023-06-18,Manutenção,2586.71,0.0,G009,2023-08-17,2023-09-11,2586.71
2023-06-18,Produto B,2525.52,0.0,E022,2023-07-18,2023-07-18,2525.52
2023-06-18,Pagamento Energia,0.0,815.27,FIN,2023-06-18,2023-06-18,815.27
2023-06-18,Ajuste de Valor,0.0,40.11,TI,2023-06-18,2023-06-18,40.11
2023-06-19,Treinamento,6403.06,0.0,E008,2023-07-19,2023-07-19,6403.06
2023-06-19,Treinamento,4906.83,0.0,C037,2023-07-04,2023-07-04,4906.83
2023-06-20,Produto E,312.51,0.0,C022,2023-07-05,2023-07-05,312.51
2023-06-20,Produto E,465.21,0.0,G006,2023-08-19,2023-08-19,465.21
2023-06-20,Produto A,1021.69,0.0,C027,2023-07-05,2023-07-05,1021.69
2023-06-20,Pagamento Seguros,0.0,820.33,FIN,2023-06-20,2023-06-20,820.33
2023-06-20,Pagamento Impostos,0.0,7474.46,FIN,2023-06-20,2023-06-20,7474.46
2023-06-21,Produto E,315.52,0.0,C011,2023-07-06,2023-07-06,315.52
2023-06-21,Produto C,855.85,0.0,E001,2023-07-21,2023-07-24,855.85
2023-06-21,Produto E,432.96,0.0,C028,2023-07-06,2023-07-06,432.96
2023-06-21,Despesa Excepcional - Investimento,0.0,92615.56,ADM,2023-06-21,2023-06-21,92615.56
2023-06-22,Produto B,1534.92,0.0,C047,2023-07-07,2023-07-07,1534.92
2023-06-22,Assinatura Mensal,287.66,0.0,E003,2023-07-22,2023-07-24,287.66
2023-06-22,Pagamento Treinamentos,0.0,1325.72,RH,2023-06-22,2023-06-22,1325.72
2023-06-23,Produto C,676.37,0.0,C020,2023-07-08,2023-07-08,676.37
2023-06-24,Produto A,814.96,0.0,C046,2023-07-09,2023-07-12,814.96
2023-06-24,Produto B,1733.71,0.0,E001,2023-07-24,2023-07-24,1733.71
2023-06-24,Compra Equipamentos,0.0,8752.42,F018,2023-06-24,2023-06-24,8752.42
2023-06-25,Manutenção,942.34,0.0,G010,2023-08-24,2023-08-24,942.34
2023-06-25,Produto F,6350.04,0.0,E018,2023-07-25,2023-07-25,6350.04
2023-06-25,Produto A,1159.43,0.0,G003,2023-08-24,2023-08-24,1159.43
2023-06-25,Despesa Eventos,0.0,7915.68,MKT,2023-06-25,2023-06-25,7915.68
2023-06-25,Ajuste de Centavos,0.0,0.04,RH,2023-06-25,2023-06-25,0.04
2023-06-26,Treinamento,1984.42,0.0,G001,2023-08-25,2023-08-25,1984.42
2023-06-26,Despesa Eventos,0.0,2176.29,MKT,2023-06-26,2023-06-26,2176.29
2023-06-26,Compra Equipamentos,0.0,12575.41,S009,2023-06-26,2023-06-26,12575.41
2023-06-27,Despesa Publicidade Impressa,0.0,1194.44,MKT,2023-06-27,2023-06-27,1194.44
2023-06-27,Despesa Eventos,0.0,3090.93,MKT,2023-06-27,2023-06-27,3090.93
2023-06-28,Produto C,616.99,0.0,E026,2023-07-28,2023-07-28,616.99
2023-06-28,Assinatura Anual,2877.27,0.0,E005,2023-07-28,2023-07-28,2877.27
2023-06-29,Produto E,478.32,0.0,C035,2023-07-14,2023-07-14,478.32
2023-06-29,Compra Material Escritório,0.0,342.79,F010,2023-06-29,2023-06-29,342.79
2023-06-30,Manutenção,751.78,0.0,C021,2023-07-15,2023-07-15,751.78
2023-06-30,Produto E,340.08,0.0,G006,2023-08-29,2023-08-29,340.08
2023-06-30,Contratação Serviços Terceirizados,0.0,3678.13,F005,2023-06-30,2023-06-30,3678.13
2023-06-30,Cancelamento - Compra Equipamentos,3438.34,0.0,S010,2023-06-30,2023-06-30,3438.34
2023-07-01,Compra Material Escritório,0.0,483.86,S001,2023-07-01,2023-07-01,483.86
2023-07-01,Pagamento Impostos,0.0,6413.29,FIN,2023-07-01,2023-07-01,6413.29
2023-07-02,Produto B,1616.7,0.0,C024,2023-07-17,2023-07-17,1616.7
2023-07-04,Produto E,462.32,0.0,C019,2023-07-19,2023-07-19,462.32
2023-07-04,Cancelamento - Contratação Serviços Terceirizados,2954.16,0.0,S004,2023-07-04,2023-07-04,2954.16
2023-07-05,Pagamento Salários,0.0,12729.26,RH,2023-07-05,2023-07-05,12729.26
2023-07-06,Produto A,735.58,0.0,E008,2023-08-05,2023-08-05,735.58
2023-07-06,Produto D,2453.35,0.0,G004,2023-09-04,2023-09-07,2453.35
2023-07-07,Pagamento Recrutamento,0.0,1407.48,RH,2023-07-07,2023-07-07,1407.48
2023-07-08,Pagamento Salários,0.0,13758.54,RH,2023-07-08,2023-07-08,13758.54
2023-07-09,Assinatura Mensal,494.33,0.0,C050,2023-07-24,2023-07-24,494.33
2023-07-09,Assinatura Anual,2165.24,0.0,E010,2023-08-08,2023-08-02,2165.24
2023-07-09,Despesa Relações Públicas,0.0,1844.87,MKT,2023-07-09,2023-07-09,1844.87
2023-07-09,Pagamento Recrutamento,0.0,2019.37,RH,2023-07-09,2023-07-09,2019.37
2023-07-10,Produto B,1268.47,0.0,C001,2023-07-25,2023-07-25,1268.47
2023-07-11,Pagamento Salários,0.0,13837.04,RH,2023-07-11,2023-07-11,13837.04
2023-07-11,Despesa Patrocínios,0.0,5354.46,MKT,2023-07-11,2023-07-11,5354.46
2023-07-11,Manutenção Predial,0.0,788.96,FIN,2023-07-11,2023-07-11,788.96
2023-07-12,Manutenção,1908.21,0.0,C024,2023-07-27,2023-07-27,1908.21
2023-07-12,Produto D,2059.25,0.0,C034,2023-07-27,2023-07-31,2059.25
2023-07-12,Produto C,612.5,0.0,G009,2023-09-10,2023-09-10,612.5
2023-07-12,Pagamento Salários,0.0,10205.87,RH,2023-07-12,2023-07-12,10205.87
2023-07-13,Produto A,1103.03,0.0,E029,2023-08-12,2023-08-12,1103.03
2023-07-13,Contratação Serviços Terceirizados,0.0,4786.99,S006,2023-07-13,2023-07-13,4786.99
2023-07-13,Compra Matéria-prima,0.0,3777.11,F016,2023-07-13,2023-07-13,3777.11
2023-07-14,Assinatura Trimestral,575.59,0.0,C013,2023-07-29,2023-07-29,575.59
2023-07-14,Produto B,1626.18,0.0,E024,2023-08-13,2023-08-13,1626.18
2023-07-15,Manutenção,1811.59,0.0,C038,2023-07-30,2023-07-30,1811.59
2023-07-15,Manutenção,671.74,0.0,C020,2023-07-30,2023-07-24,671.74
2023-07-15,Pagamento Impostos,0.0,1298.77,ADM,2023-07-15,2023-07-15,1298.77
2023-07-16,Produto F,5956.06,0.0,G004,2023-09-14,2023-09-14,5956.06
2023-07-16,Assinatura Trimestral,1151.59,0.0,C027,2023-07-31,2023-07-31,1151.59
2023-07-16,Despesa Patrocínios,0.0,4416.29,MKT,2023-07-16,2023-07-16,4416.29
2023-07-17,Contratação Serviços Terceirizados,0.0,2247.15,S003,2023-07-17,2023-07-17,2247.15
2023-07-18,Produto E,339.4,0.0,G002,2023-09-16,2023-09-16,339.4
2023-07-18,Pagamento Energia,0.0,1196.62,FIN,2023-07-18,2023-07-18,1196.62
2023-07-19,Produto F,6733.11,0.0,C039,2023-08-03,2023-08-03,6733.11
2023-07-19,Consultoria,2936.56,0.0,E018,2023-08-18,2023-08-20,2936.56
2023-07-19,Compra Material Escritório,0.0,473.71,F005,2023-07-19,2023-07-19,473.71
2023-07-19,Pagamento Seguros,0.0,943.78,ADM,2023-07-19,2023-07-19,943.78
2023-07-19,Pagamento Seguros,0.0,943.78,ADM,2023-07-19,2023-07-19,943.78
2023-07-20,Pagamento Seguros,0.0,1358.99,ADM,2023-07-20,2023-07-20,1358.99
2023-07-20,Compra Material Escritório,0.0,466.39,F005,2023-07-20,2023-07-20,466.39
2023-07-21,Despesa Patrocínios,0.0,5639.42,MKT,2023-07-21,2023-07-21,5639.42
2023-07-21,Pagamento Energia,0.0,730.43,FIN,2023-07-21,2023-07-21,730.43
2023-07-22,Manutenção,1319.14,0.0,C026,2023-08-06,2023-08-06,1319.14
2023-07-23,Produto D,1766.32,0.0,E012,2023-08-22,2023-08-22,1766.32
2023-07-23,Pagamento Telefone,0.0,216.79,ADM,2023-07-23,2023-07-23,216.79
2023-07-24,Assinatura Trimestral,894.63,0.0,G003,2023-09-22,2023-09-22,894.63
2023-07-24,Pagamento Treinamentos,0.0,2851.08,RH,2023-07-24,2023-07-24,2851.08
2023-07-24,Pagamento Bônus,0.0,8703.98,RH,2023-07-24,2023-07-24,8703.98
2023-07-26,Treinamento,3464.05,0.0,C046,2023-08-10,2023-08-06,3464.05
2023-07-26,Despesa Patrocínios,0.0,9600.74,MKT,2023-07-26,2023-07-26,9600.74
2023-07-27,Produto B,1677.23,0.0,E005,2023-08-26,2023-08-27,1677.23
2023-07-27,Compra Equipamentos,0.0,6453.95,F020,2023-07-27,2023-07-27,6453.95
2023-07-28,Produto A,933.27,0.0,E016,2023-08-27,2023-08-27,933.27
2023-07-28,Assinatura Anual,3869.05,0.0,C018,2023-08-12,2023-08-12,3869.05
2023-07-28,Compra Matéria-prima,0.0,4697.97,S003,2023-07-28,2023-07-28,4697.97
2023-07-28,Compra Material Escritório,0.0,319.28,F008,2023-07-28,2023-07-28,319.28
2023-07-29,Produto D,2106.47,0.0,C042,2023-08-13,2023-08-13,2106.47
2023-07-29,Suporte,1198.33,0.0,C026,2023-08-13,2023-08-13,1198.33
2023-07-29,Produto F,5811.85,0.0,G010,2023-09-27,2023-09-27,5811.85
2023-07-29,Despesa Eventos,0.0,2777.33,MKT,2023-07-29,2023-07-29,2777.33
2023-07-30,Produto B,1550.37,0.0,C001,2023-08-14,2023-08-14,1550.37
2023-07-30,Despesa Relações Públicas,0.0,2140.13,MKT,2023-07-30,2023-07-30,2140.13
2023-08-03,Produto A,1062.86,0.0,C028,2023-08-18,2023-08-19,1062.86
2023-08-03,Produto B,1853.36,0.0,E005,2023-09-02,2023-09-07,1853.36
2023-08-03,Despesa Eventos,0.0,6006.47,MKT,2023-08-03,2023-08-03,6006.47
2023-08-04,Assinatura Trimestral,916.39,0.0,C041,2023-08-19,2023-08-19,916.39
2023-08-04,Manutenção Predial,0.0,769.89,FIN,2023-08-04,2023-08-04,769.89
2023-08-04,Pagamento Benefícios,0.0,2451.04,RH,2023-08-04,2023-08-04,2451.04
2023-08-07,Produto E,333.35,0.0,E016,2023-09-06,2023-09-06,333.35
2023-08-07,Suporte,1582.9,0.0,C020,2023-08-22,2023-08-22,1582.9
2023-08-07,Compra Material Escritório,0.0,373.81,S013,2023-08-07,2023-08-07,373.81
2023-08-08,Produto D,2025.33,0.0,G009,2023-10-07,2023-10-07,2025.33
2023-08-08,Pagamento Telefone,0.0,164.62,FIN,2023-08-08,2023-08-08,164.62
2023-08-09,Produto D,2477.97,0.0,E021,2023-09-08,2023-09-08,2477.97
2023-08-10,Produto A,1489.93,0.0,C035,2023-08-25,2023-08-25,1489.93
2023-08-10,Produto F,9092.82,0.0,E026,2023-09-09,2023-09-09,9092.82
2023-08-10,Produto F,9779.49,0.0,G003,2023-10-09,2023-10-09,9779.49
2023-08-10,Pagamento Treinamentos,0.0,1860.98,RH,2023-08-10,2023-08-10,1860.98
2023-08-11,Suporte,1575.76,0.0,G007,2023-10-10,2023-10-10,1575.76
2023-08-11,Produto E,359.79,0.0,C024,2023-08-26,2023-08-26,359.79
2023-08-11,Treinamento,5591.59,0.0,C015,2023-08-26,2023-08-26,5591.59
2023-08-11,Produto F,6572.34,0.0,E015,2023-09-10,2023-09-10,6572.34
2023-08-11,Produto F,6297.68,0.0,C025,2023-08-26,2023-08-26,6297.68
2023-08-12,Treinamento,2326.29,0.0,E009,2023-09-11,2023-09-15,2326.29
2023-08-12,Manutenção Predial,0.0,642.05,FIN,2023-08-12,2023-08-12,642.05
2023-08-13,Produto D,2112.3,0.0,G009,2023-10-12,2023-10-12,2112.3
2023-08-13,Treinamento,4587.44,0.0,E017,2023-09-12,2023-09-12,4587.44
2023-08-13,Compra Material Escritório,0.0,614.64,S006,2023-08-13,2023-08-13,614.64
2023-08-14,Suporte,1725.98,0.0,E017,2023-09-13,2023-09-16,1725.98
2023-08-14,Pagamento Aluguel,0.0,2211.49,ADM,2023-08-14,2023-08-14,2211.49
2023-08-15,Produto C,606.63,0.0,G009,2023-10-14,2023-10-14,606.63
2023-08-15,Produto A,1004.09,0.0,C019,2023-08-30,2023-08-30,1004.09
2023-08-15,Pagamento Treinamentos,0.0,1216.27,RH,2023-08-15,2023-08-15,1216.27
2023-08-15,Pagamento Bônus,0.0,9495.4,RH,2023-08-15,2023-08-15,9495.4
2023-08-15,Pagamento Salários,0.0,8824.32,RH,2023-08-15,2023-08-15,8824.32
2023-08-15,Despesa Eventos,0.0,5028.16,MKT,2023-08-15,2023-08-15,5028.16
2023-08-16,Produto E,516.33,0.0,C002,2023-08-31,2023-08-31,516.33
2023-08-17,Produto B,1966.21,0.0,G003,2023-10-16,2023-10-29,1966.21
2023-08-17,Produto D,2511.64,0.0,C024,2023-09-01,2023-09-04,2511.64
2023-08-17,Despesa Patrocínios,0.0,9148.83,MKT,2023-08-17,2023-08-17,9148.83
2023-08-17,Pagamento Recrutamento,0.0,1265.73,RH,2023-08-17,2023-08-17,1265.73
2023-08-18,Produto D,2399.5,0.0,E009,2023-09-17,2023-09-17,2399.5
2023-08-18,Pagamento Impostos,0.0,1880.75,ADM,2023-08-18,2023-08-18,1880.75
2023-08-19,Produto A,1347.62,0.0,G007,2023-10-18,2023-10-21,1347.62
2023-08-19,Pagamento Energia,0.0,920.75,FIN,2023-08-19,2023-08-19,920.75
2023-08-19,Pagamento Telefone,0.0,136.51,FIN,2023-08-19,2023-08-19,136.51
2023-08-19,Compra Equipamentos,0.0,10475.82,F013,2023-08-19,2023-08-19,10475.82
2023-08-20,Consultoria,7645.4,0.0,C044,2023-09-04,2023-09-04,7645.4
2023-08-20,Produto A,959.59,0.0,E002,2023-09-19,2023-09-19,959.59
2023-08-20,Pagamento Seguros,0.0,1498.33,FIN,2023-08-20,2023-08-20,1498.33
2023-08-20,Pagamento Água,0.0,353.49,FIN,2023-08-20,2023-08-20,353.49
2023-08-20,Despesa Publicidade Online,0.0,1299.84,MKT,2023-08-20,2023-08-20,1299.84
2023-08-20,Pagamento Impostos,0.0,3338.87,FIN,2023-08-20,2023-08-20,3338.87
2023-08-21,Produto A,871.13,0.0,C003,2023-09-05,2023-09-05,871.13
2023-08-21,Produto E,499.72,0.0,C040,2023-09-05,2023-09-05,499.72
2023-08-21,Produto C,636.9,0.0,E003,2023-09-20,2023-09-20,636.9
2023-08-22,Produto E,387.85,0.0,E018,2023-09-21,2023-09-21,387.85
2023-08-22,Produto A,1097.04,0.0,G003,2023-10-21,2023-10-25,1097.04
2023-08-22,Produto B,1755.35,0.0,C016,2023-09-06,2023-09-06,1755.35
2023-08-22,Produto D,2685.06,0.0,E006,2023-09-21,2023-09-23,2685.06
2023-08-22,Assinatura Anual,3763.52,0.0,G003,2023-10-21,2023-10-24,3763.52
2023-08-23,Assinatura Trimestral,829.25,0.0,C011,2023-09-07,2023-09-07,829.25
2023-08-23,Treinamento,4431.05,0.0,G006,2023-10-22,2023-10-20,4431.05
2023-08-23,Pagamento Água,0.0,265.64,ADM,2023-08-23,2023-08-23,265.64
2023-08-24,Produto A,883.78,0.0,E027,2023-09-23,2023-09-25,883.78
2023-08-24,Consultoria,7871.38,0.0,G005,2023-10-23,2023-10-23,7871.38
2023-08-24,Consultoria,8863.1,0.0,C015,2023-09-08,2023-09-08,8863.1
2023-08-24,Pagamento Impostos,0.0,2736.83,ADM,2023-08-24,2023-08-24,2736.83
2023-08-24,Pagamento Benefícios,0.0,2323.56,RH,2023-08-24,2023-08-24,2323.56
2023-08-25,Manutenção,1374.77,0.0,E019,2023-09-24,2023-09-15,1374.77
2023-08-25,Produto F,6651.4,0.0,C022,2023-09-09,2023-09-09,6651.4
2023-08-25,Produto B,1699.49,0.0,E028,2023-09-24,2023-09-27,1699.49
2023-08-25,Pagamento Treinamentos,0.0,1036.82,RH,2023-08-25,2023-08-25,1036.82
2023-08-26,Treinamento,3012.92,0.0,C013,2023-09-10,2023-09-13,3012.92
2023-08-26,Assinatura Trimestral,625.72,0.0,C002,2023-09-10,2023-09-10,625.72
2023-08-26,Despesa Publicidade Impressa,0.0,820.3,MKT,2023-08-26,2023-08-26,820.3
2023-08-28,Pagamento Telefone,0.0,216.95,FIN,2023-08-28,2023-08-28,216.95
2023-08-29,Produto D,2091.29,0.0,C045,2023-09-13,2023-09-13,2091.29
2023-08-29,Pagamento Aluguel,0.0,2184.08,FIN,2023-08-29,2023-08-29,2184.08
2023-08-30,Produto E,355.04,0.0,E016,2023-09-29,2023-09-29,355.04
2023-08-30,Despesa Relações Públicas,0.0,1115.39,MKT,2023-08-30,2023-08-30,1115.39
2023-08-30,Manutenção Predial,0.0,302.29,ADM,2023-08-30,2023-08-30,302.29
2023-09-01,Produto D,2818.94,0.0,C041,2023-09-16,2023-09-16,2818.94
2023-09-01,Assinatura Mensal,207.09,0.0,G003,2023-10-31,2023-10-31,207.09
2023-09-01,Produto C,852.99,0.0,G003,2023-10-31,2023-10-31,852.99
2023-09-01,Pagamento Aluguel,0.0,2403.03,FIN,2023-09-01,2023-09-01,2403.03
2023-09-02,Produto B,1673.55,0.0,E027,2023-10-02,2023-10-02,1673.55
2023-09-02,Assinatura Anual,2364.8,0.0,E012,2023-10-02,2023-10-15,2364.8
2023-09-02,Despesa Relações Públicas,0.0,2264.62,MKT,2023-09-02,2023-09-02,2264.62
2023-09-02,Pagamento Impostos,0.0,1241.3,FIN,2023-09-02,2023-09-02,1241.3
2023-09-03,Produto F,5382.94,0.0,E001,2023-10-03,2023-10-03,5382.94
2023-09-03,Despesa Publicidade Impressa,0.0,2175.33,MKT,2023-09-03,2023-09-03,2175.33
2023-09-05,Produto C,612.19,0.0,C010,2023-09-20,2023-09-20,612.19
2023-09-05,Produto D,2934.03,0.0,E017,2023-10-05,2023-10-05,2934.03
2023-09-05,Suporte,1095.98,0.0,G006,2023-11-04,2023-11-04,1095.98
2023-09-05,Pagamento Aluguel,0.0,2436.64,ADM,2023-09-05,2023-09-05,2436.64
2023-09-05,Contratação Serviços Terceirizados,0.0,6102.72,S008,2023-09-05,2023-09-05,6102.72
2023-09-05,Pagamento Água,0.0,200.32,ADM,2023-09-05,2023-09-05,200.32
2023-09-06,Produto A,1044.87,0.0,C039,2023-09-21,2023-09-21,1044.87
2023-09-07,Manutenção,662.68,0.0,C049,2023-09-22,2023-09-22,662.68
2023-09-07,Produto B,1722.58,0.0,C033,2023-09-22,2023-09-22,1722.58
2023-09-07,Produto C,842.7,0.0,E005,2023-10-07,2023-10-07,842.7
2023-09-07,Pagamento Seguros,0.0,1134.91,ADM,2023-09-07,2023-09-07,1134.91
2023-09-07,Pagamento Seguros,0.0,1218.21,ADM,2023-09-07,2023-09-07,1218.21
2023-09-08,Produto F,7429.22,0.0,E027,2023-10-08,2023-10-08,7429.22
2023-09-08,Produto A,947.52,0.0,C045,2023-09-23,2023-09-23,947.52
2023-09-09,Produto A,882.79,0.0,C044,2023-09-24,2023-09-24,882.79
2023-09-09,Produto D,2586.84,0.0,C039,2023-09-24,2023-09-24,2586.84
2023-09-10,Cancelamento - Compra Material Escritório,3745.75,0.0,F002,2023-09-10,2023-09-10,3745.75
2023-09-11,Produto F,6970.4,0.0,C017,2023-09-26,2023-09-26,6970.4
2023-09-11,Assinatura Mensal,435.2,0.0,C026,2023-09-26,2023-09-26,435.2
2023-09-11,Produto D,2651.96,0.0,C014,2023-09-26,2023-09-26,2651.96
2023-09-11,Despesa Patrocínios,0.0,2010.2,MKT,2023-09-11,2023-09-11,2010.2
2023-09-11,Pagamento Treinamentos,0.0,2110.62,RH,2023-09-11,2023-09-11,2110.62
2023-09-12,Pagamento Internet,0.0,253.93,ADM,2023-09-12,2023-09-12,253.93
2023-09-12,Pagamento Impostos,0.0,4111.76,ADM,2023-09-12,2023-09-12,4111.76
2023-09-13,Manutenção,1046.84,0.0,C035,2023-09-28,2023-09-28,1046.84
2023-09-13,Assinatura Anual,2035.52,0.0,G009,2023-11-12,2023-11-12,2035.52
2023-09-15,Produto C,725.0,0.0,C007,2023-09-30,2023-10-17,725.0
2023-09-15,Produto E,366.25,0.0,E015,2023-10-15,2023-10-15,366.25
2023-09-16,Produto D,2134.04,0.0,C010,2023-10-01,2023-10-01,2134.04
2023-09-17,Contratação Serviços Terceirizados,0.0,6617.93,F011,2023-09-17,2023-09-17,6617.93
2023-09-17,Pagamento Recrutamento,0.0,1654.35,RH,2023-09-17,2023-09-17,1654.35
2023-09-18,Pagamento Seguros,0.0,1396.52,FIN,2023-09-18,2023-09-18,1396.52
2023-09-18,Compra Equipamentos,0.0,13945.68,F017,2023-09-18,2023-09-18,13945.68
2023-09-19,Consultoria,5488.38,0.0,E019,2023-10-19,2023-10-20,5488.38
2023-09-19,Produto D,2936.18,0.0,G001,2023-11-18,2023-11-18,2936.18
2023-09-19,Produto D,2325.39,0.0,C045,2023-10-04,2023-10-04,2325.39
2023-09-19,Suporte,1134.83,0.0,C043,2023-10-04,2023-10-04,1134.83
2023-09-19,Pagamento Salários,0.0,11233.09,RH,2023-09-19,2023-09-19,11233.09
2023-09-19,Compra Matéria-prima,0.0,3173.52,S012,2023-09-19,2023-09-19,3173.52
2023-09-19,Estorno - Produto A,0.0,993.1,C039,2023-09-19,2023-09-19,993.1
2023-09-20,Contratação Serviços Terceirizados,0.0,5211.04,F004,2023-09-20,2023-09-20,5211.04
2023-09-20,Pagamento Aluguel,0.0,2324.16,FIN,2023-09-20,2023-09-20,2324.16
2023-09-20,Pagamento Telefone,0.0,225.0,ADM,2023-09-20,2023-09-20,225.0
2023-09-21,Produto F,7752.07,0.0,C027,2023-10-06,2023-10-06,7752.07
2023-09-21,Consultoria,9888.6,0.0,C013,2023-10-06,2023-10-06,9888.6
2023-09-22,Assinatura Mensal,214.64,0.0,C050,2023-10-07,2023-10-07,214.64
2023-09-22,Pagamento Treinamentos,0.0,892.87,RH,2023-09-22,2023-09-22,892.87
2023-09-22,Pagamento Internet,0.0,189.74,FIN,2023-09-22,2023-09-22,189.74
2023-09-22,Ajuste de Valor,183.99,0.0,RH,2023-09-22,2023-09-22,183.99
2023-09-23,Produto D,2520.32,0.0,E014,2023-10-23,2023-10-23,2520.32
2023-09-23,Compra Matéria-prima,0.0,3137.83,F013,2023-09-23,2023-09-23,3137.83
2023-09-23,Contratação Serviços Terceirizados,0.0,2426.47,F006,2023-09-23,2023-09-23,2426.47
2023-09-24,Produto C,782.51,0.0,G004,2023-11-23,2023-11-23,782.51
2023-09-24,Produto B,1553.83,0.0,C039,2023-10-09,2023-10-31,1553.83
2023-09-24,Produto D,2428.81,0.0,C022,2023-10-09,2023-10-09,2428.81
2023-09-24,Despesa Patrocínios,0.0,1597.29,MKT,2023-09-24,2023-09-24,1597.29
2023-09-24,Despesa Patrocínios,0.0,3963.38,MKT,2023-09-24,2023-09-24,3963.38
2023-09-25,Treinamento,3138.73,0.0,G005,2023-11-24,2023-11-24,3138.73
2023-09-25,Produto F,5173.14,0.0,C022,2023-10-10,2023-10-10,5173.14
2023-09-25,Pagamento Água,0.0,363.3,FIN,2023-09-25,2023-09-25,363.3
2023-09-26,Compra Matéria-prima,0.0,2341.97,S005,2023-09-26,2023-09-26,2341.97
2023-09-27,Produto D,2172.82,0.0,E027,2023-10-27,2023-10-27,2172.82
2023-09-27,Produto E,457.97,0.0,G002,2023-11-26,2023-11-22,457.97
2023-09-27,Compra Matéria-prima,0.0,4136.68,S001,2023-09-27,2023-09-27,4136.68
2023-09-28,Produto B,1855.7,0.0,C002,2023-10-13,2023-10-13,1855.7
2023-09-28,Treinamento,2431.63,0.0,C043,2023-10-13,2023-10-13,2431.63
2023-09-28,Produto E,374.57,0.0,E007,2023-10-28,2023-10-28,374.57
2023-09-28,Produto B,1637.24,0.0,C010,2023-10-13,2023-10-13,1637.24
2023-09-28,Produto B,1789.77,0.0,C040,2023-10-13,2023-10-13,1789.77
2023-09-29,Produto A,805.34,0.0,G004,2023-11-28,2023-11-28,805.34
2023-09-29,Produto B,1676.5,0.0,E019,2023-10-29,2023-10-29,1676.5
2023-09-29,Produto B,1750.13,0.0,C005,2023-10-14,2023-10-14,1750.13
2023-09-30,Despesa Eventos,0.0,6496.5,MKT,2023-09-30,2023-09-30,6496.5
2023-10-01,Assinatura Mensal,390.55,0.0,C041,2023-10-16,2023-10-21,390.55
2023-10-01,Pagamento Bônus,0.0,6557.54,RH,2023-10-01,2023-10-01,6557.54
2023-10-01,Despesa Eventos,0.0,4187.58,MKT,2023-10-01,2023-10-01,4187.58
2023-10-01,Ajuste de Valor,423.26,0.0,PROD,2023-10-01,2023-10-01,423.26
2023-10-02,Assinatura Trimestral,1011.06,0.0,C042,2023-10-17,2023-10-13,1011.06
2023-10-02,Treinamento,4487.63,0.0,G009,2023-12-01,2023-12-01,4487.63
2023-10-02,Compra Equipamentos,0.0,4072.03,F002,2023-10-02,2023-10-02,4072.03
2023-10-03,Manutenção,1183.85,0.0,G006,2023-12-02,2023-12-02,1183.85
2023-10-03,Suporte,1031.73,0.0,E015,2023-11-02,2023-11-02,1031.73
2023-10-03,Despesa Publicidade Online,0.0,2325.28,MKT,2023-10-03,2023-10-03,2325.28
2023-10-03,Produto F,7856.45,0.0,E002,2023-11-02,2023-11-02,7856.45
2023-10-04,Produto C,776.09,0.0,E016,2023-11-03,2023-11-03,776.09
2023-10-04,Pagamento Bônus,0.0,4479.89,RH,2023-10-04,2023-10-04,4479.89
2023-10-05,Produto C,611.12,0.0,E005,2023-11-04,2023-11-07,611.12
2023-10-05,Cancelamento - Contratação Serviços Terceirizados,4902.85,0.0,S002,2023-10-05,2023-10-05,4902.85
2023-10-06,Produto B,1799.52,0.0,C004,2023-10-21,2023-10-21,1799.52
2023-10-06,Suporte,1634.31,0.0,C003,2023-10-21,2023-10-21,1634.31
2023-10-06,Produto E,550.6,0.0,E012,2023-11-05,2023-11-05,550.6
2023-10-07,Suporte,1689.95,0.0,C029,2023-10-22,2023-10-22,1689.95
2023-10-07,Produto E,563.83,0.0,G003,2023-12-06,2023-12-11,563.83
2023-10-07,Produto F,6455.09,0.0,C036,2023-10-22,2023-11-10,6455.09
2023-10-07,Pagamento Seguros,0.0,1436.04,FIN,2023-10-07,2023-10-07,1436.04
2023-10-07,Pagamento Treinamentos,0.0,1698.5,RH,2023-10-07,2023-10-07,1698.5
2023-10-08,Produto C,755.78,0.0,C040,2023-10-23,2023-10-23,755.78
2023-10-08,Produto F,7931.39,0.0,C041,2023-10-23,2023-10-23,7931.39
2023-10-09,Produto D,2897.18,0.0,C032,2023-10-24,2023-10-18,2897.18
2023-10-09,Produto D,3517.7,0.0,E026,2023-11-08,2023-11-08,3517.7
2023-10-09,Produto B,1661.49,0.0,G006,2023-12-08,2023-12-08,1661.49
2023-10-09,Assinatura Anual,3416.24,0.0,C027,2023-10-24,2023-10-26,3416.24
2023-10-09,Pagamento Aluguel,0.0,2216.75,ADM,2023-10-09,2023-10-09,2216.75
2023-10-10,Produto B,2367.27,0.0,G008,2023-12-09,2023-12-09,2367.27
2023-10-10,Ajuste de Valor,0.0,245.36,FIN,2023-10-10,2023-10-10,245.36
2023-10-12,Produto A,887.64,0.0,G002,2023-12-11,2024-01-07,887.64
2023-10-13,Consultoria,5779.67,0.0,E022,2023-11-12,2023-11-12,5779.67
2023-10-13,Produto F,5327.72,0.0,E001,2023-11-12,2023-11-12,5327.72
2023-10-13,Produto B,2066.61,0.0,E007,2023-11-12,2023-11-12,2066.61
2023-10-13,Despesa Excepcional - Investimento,0.0,95391.44,ADM,2023-10-13,2023-10-13,95391.44
2023-10-13,Despesa Excepcional - Investimento,0.0,95391.44,ADM,2023-10-13,2023-10-13,95391.44
2023-10-14,Consultoria,3151.04,0.0,C022,2023-10-29,2023-10-29,3151.04
2023-10-14,Pagamento Bônus,0.0,7426.73,RH,2023-10-14,2023-10-14,7426.73
2023-10-15,Produto A,1022.62,0.0,E018,2023-11-14,2023-11-14,1022.62
2023-10-16,Consultoria,6943.99,0.0,E014,2023-11-15,2023-11-19,6943.99
2023-10-16,Produto D,2162.51,0.0,G010,2023-12-15,2023-12-19,2162.51
2023-10-16,Suporte,1371.62,0.0,E022,2023-11-15,2023-11-30,1371.62
2023-10-16,Compra Material Escritório,0.0,279.79,F016,2023-10-16,2023-10-16,279.79
2023-10-16,Compra Equipamentos,0.0,2781.57,F017,2023-10-16,2023-10-16,2781.57
2023-10-17,Pagamento Benefícios,0.0,2211.51,RH,2023-10-17,2023-10-17,2211.51
2023-10-17,Pagamento Telefone,0.0,210.91,ADM,2023-10-17,2023-10-17,210.91
2023-10-18,Produto C,604.93,0.0,G010,2023-12-17,2023-12-19,604.93
2023-10-18,Ajuste de Valor,0.0,154.36,ADM,2023-10-18,2023-10-18,154.36
2023-10-19,Consultoria,5444.44,0.0,E004,2023-11-18,2023-11-08,5444.44
2023-10-19,Pagamento Energia,0.0,893.83,FIN,2023-10-19,2023-10-19,893.83
2023-10-20,Produto D,2442.75,0.0,G010,2023-12-19,2023-12-19,2442.75
2023-10-20,Produto D,2528.77,0.0,C005,2023-11-04,2023-11-04,2528.77
2023-10-21,Produto D,2521.02,0.0,C012,2023-11-05,2023-11-05,2521.02
2023-10-21,Ajuste de Valor,221.65,0.0,COM,2023-10-21,2023-10-21,221.65
2023-10-22,Produto C,614.07,0.0,C021,2023-11-06,2023-11-25,614.07
2023-10-22,Produto C,810.83,0.0,C015,2023-11-06,2023-11-06,810.83
2023-10-22,Pagamento Salários,0.0,13729.22,RH,2023-10-22,2023-10-22,13729.22
2023-10-22,Manutenção Predial,0.0,1994.49,FIN,2023-10-22,2023-10-22,1994.49
2023-10-23,Assinatura Anual,2309.47,0.0,E021,2023-11-22,2023-12-16,2309.47
2023-10-23,Produto D,2357.81,0.0,C015,2023-11-07,2023-11-07,2357.81
2023-10-23,Cancelamento - Compra Material Escritório,3898.43,0.0,S013,2023-10-23,2023-10-23,3898.43
2023-10-24,Produto C,650.54,0.0,C001,2023-11-08,2023-11-08,650.54
2023-10-24,Pagamento Internet,0.0,246.02,FIN,2023-10-24,2023-10-24,246.02
2023-10-24,Compra Equipamentos,0.0,14982.05,S010,2023-10-24,2023-10-24,14982.05
2023-10-25,Produto E,349.8,0.0,G008,2023-12-24,2023-12-24,349.8
2023-10-25,Pagamento Impostos,0.0,1208.64,FIN,2023-10-25,2023-10-25,1208.64
2023-10-26,Manutenção,976.43,0.0,G002,2023-12-25,2023-12-25,976.43
2023-10-26,Produto C,676.5,0.0,E026,2023-11-25,2023-11-25,676.5
2023-10-26,Assinatura Anual,2818.1,0.0,G009,2023-12-25,2023-12-29,2818.1
2023-10-26,Contratação Serviços Terceirizados,0.0,4890.57,F004,2023-10-26,2023-10-26,4890.57
2023-10-26,Pagamento Telefone,0.0,119.98,ADM,2023-10-26,2023-10-26,119.98
2023-10-26,Manutenção Predial,0.0,1171.86,ADM,2023-10-26,2023-10-26,1171.86
2023-10-27,Suporte,1363.77,0.0,E021,2023-11-26,2023-11-26,1363.77
2023-10-27,Produto D,2078.55,0.0,G005,2023-12-26,2023-12-26,2078.55
2023-10-27,Despesa Publicidade Impressa,0.0,2281.16,MKT,2023-10-27,2023-10-27,2281.16
2023-10-27,Compra Material Escritório,0.0,746.88,S002,2023-10-27,2023-10-27,746.88
2023-10-28,Treinamento,3724.97,0.0,E018,2023-11-27,2023-11-27,3724.97
2023-10-28,Produto C,706.7,0.0,E024,2023-11-27,2023-11-22,706.7
2023-10-28,Assinatura Anual,3713.92,0.0,C025,2023-11-12,2023-11-16,3713.92
2023-10-28,Pagamento Bônus,0.0,3082.5,RH,2023-10-28,2023-10-28,3082.5
2023-10-28,Compra Material Escritório,0.0,396.38,F010,2023-10-28,2023-10-28,396.38
2023-10-29,Produto A,922.64,0.0,C025,2023-11-13,2023-11-13,922.64
2023-10-29,Assinatura Anual,1887.97,0.0,G006,2023-12-28,2023-12-28,1887.97
2023-10-29,Produto C,764.53,0.0,E026,2023-11-28,2023-11-28,764.53
2023-10-29,Assinatura Trimestral,622.53,0.0,G009,2023-12-28,2023-12-28,622.53
2023-10-29,Produto D,2121.34,0.0,C024,2023-11-13,2023-11-12,2121.34
2023-10-29,Produto C,753.23,0.0,E005,2023-11-28,2023-12-08,753.23
2023-10-29,Produto A,1035.27,0.0,C024,2023-11-13,2023-11-13,1035.27
2023-10-30,Produto E,485.33,0.0,C044,2023-11-14,2023-11-14,485.33
2023-10-30,Assinatura Anual,3101.95,0.0,G002,2023-12-29,2023-12-29,3101.95
2023-10-30,Produto C,646.91,0.0,C037,2023-11-14,2023-11-06,646.91
2023-10-30,Produto F,5074.96,0.0,C034,2023-11-14,2023-11-14,5074.96
2023-10-30,Despesa Relações Públicas,0.0,1021.96,MKT,2023-10-30,2023-10-30,1021.96
2023-10-31,Produto A,1009.38,0.0,E019,2023-11-30,2023-11-30,1009.38
2023-10-31,Produto B,1707.91,0.0,G006,2023-12-30,2023-12-30,1707.91
2023-10-31,Consultoria,6075.02,0.0,E010,2023-11-30,2023-11-30,6075.02
2023-10-31,Pagamento Energia,0.0,734.27,FIN,2023-10-31,2023-10-31,734.27
2023-10-31,Pagamento Água,0.0,328.78,ADM,2023-10-31,2023-10-31,328.78
2023-11-01,Produto D,2983.05,0.0,E027,2023-12-01,2023-12-01,2983.05
2023-11-01,Produto B,1592.46,0.0,E024,2023-12-01,2023-11-23,1592.46
2023-11-01,Manutenção Predial,0.0,859.07,ADM,2023-11-01,2023-11-01,859.07
2023-11-02,Produto C,839.38,0.0,G002,2024-01-01,,839.38
2023-11-02,Produto F,6502.86,0.0,G008,2024-01-01,,6502.86
2023-11-03,Produto A,1174.55,0.0,C024,2023-11-18,2023-11-18,1174.55
2023-11-03,Produto A,1090.88,0.0,C008,2023-11-18,2023-11-18,1090.88
2023-11-03,Produto D,2368.38,0.0,E008,2023-12-03,2023-12-03,2368.38
2023-11-03,Contratação Serviços Terceirizados,0.0,3559.53,S008,2023-11-03,2023-11-03,3559.53
2023-11-03,Ajuste de Centavos,0.0,0.56,LOG,2023-11-03,2023-11-03,0.56
2023-11-04,Produto F,7765.08,0.0,C039,2023-11-19,2023-11-19,7765.08
2023-11-04,Manutenção,961.15,0.0,E013,2023-12-04,2023-12-04,961.15
2023-11-04,Produto C,606.01,0.0,C032,2023-11-19,2023-11-19,606.01
2023-11-04,Suporte,1322.18,0.0,E017,2023-12-04,2023-12-04,1322.18
2023-11-04,Pagamento Bônus,0.0,2079.33,RH,2023-11-04,2023-11-04,2079.33
2023-11-05,Produto C,813.74,0.0,C013,2023-11-20,2023-11-20,813.74
2023-11-05,Produto C,837.4,0.0,E001,2023-12-05,2023-12-05,837.4
2023-11-05,Compra Material Escritório,0.0,432.38,F010,2023-11-05,2023-11-05,432.38
2023-11-06,Consultoria,7856.24,0.0,C019,2023-11-21,2023-11-21,7856.24
2023-11-06,Produto F,5892.65,0.0,E021,2023-12-06,2023-12-06,5892.65
2023-11-06,Treinamento,2680.84,0.0,G003,2024-01-05,,2680.84
2023-11-06,Contratação Serviços Terceirizados,0.0,4768.55,S007,2023-11-06,2023-11-06,4768.55
2023-11-06,Compra Matéria-prima,0.0,1365.36,S015,2023-11-06,2023-11-06,1365.36
2023-11-06,Compra Matéria-prima,0.0,1551.52,F010,2023-11-06,2023-11-06,1551.52
2023-11-08,Consultoria,3753.68,0.0,E024,2023-12-08,2023-12-08,3753.68
2023-11-08,Produto B,1770.4,0.0,C001,2023-11-23,2023-11-23,1770.4
2023-11-09,Consultoria,8775.61,0.0,G005,2024-01-08,,8775.61
2023-11-10,Assinatura Trimestral,1040.59,0.0,G007,2024-01-09,,1040.59
2023-11-10,Produto F,6726.28,0.0,C049,2023-11-25,2023-11-18,6726.28
2023-11-10,Produto B,1506.29,0.0,C047,2023-11-25,2023-11-29,1506.29
2023-11-10,Produto D,2008.34,0.0,C029,2023-11-25,2023-11-22,2008.34
2023-11-10,Produto C,780.6,0.0,C033,2023-11-25,2023-11-25,780.6
2023-11-10,Produto C,731.32,0.0,C011,2023-11-25,2023-11-25,731.32
2023-11-10,Despesa Patrocínios,0.0,8490.23,MKT,2023-11-10,2023-11-10,8490.23
2023-11-11,Suporte,1358.98,0.0,C026,2023-11-26,2023-11-26,1358.98
2023-11-11,Produto F,6304.43,0.0,C014,2023-11-26,2023-11-26,6304.43
2023-11-11,Produto D,2022.19,0.0,C023,2023-11-26,2023-12-01,2022.19
2023-11-11,Produto A,1145.81,0.0,E003,2023-12-11,2023-12-11,1145.81
2023-11-11,Pagamento Treinamentos,0.0,1117.42,RH,2023-11-11,2023-11-11,1117.42
2023-11-11,Compra Material Escritório,0.0,790.6,F010,2023-11-11,2023-11-11,790.6
2023-11-11,Pagamento Energia,0.0,906.51,FIN,2023-11-11,2023-11-11,906.51
2023-11-12,Produto D,2258.99,0.0,G008,2024-01-11,,2258.99
2023-11-12,Produto F,7388.04,0.0,E007,2023-12-12,2023-12-12,7388.04
2023-11-12,Pagamento Seguros,0.0,1193.81,FIN,2023-11-12,2023-11-12,1193.81
2023-11-13,Consultoria,5294.31,0.0,C016,2023-11-28,2023-11-28,5294.31
2023-11-13,Consultoria,5332.94,0.0,C037,2023-11-28,2023-11-28,5332.94
2023-11-13,Assinatura Mensal,461.07,0.0,C021,2023-11-28,2023-11-28,461.07
2023-11-13,Produto E,422.38,0.0,C011,2023-11-28,2023-11-28,422.38
2023-11-13,Compra Material Escritório,0.0,666.76,F015,2023-11-13,2023-11-13,666.76
2023-11-13,Compra Equipamentos,0.0,5827.37,F010,2023-11-13,2023-11-13,5827.37
2023-11-13,Pagamento Água,0.0,364.84,FIN,2023-11-13,2023-11-13,364.84
2023-11-14,Produto B,1759.34,0.0,C034,2023-11-29,2023-11-29,1759.34
2023-11-14,Assinatura Trimestral,664.37,0.0,C006,2023-11-29,2023-11-29,664.37
2023-11-15,Produto A,807.33,0.0,C045,2023-11-30,2023-11-30,807.33
2023-11-15,Despesa Patrocínios,0.0,4143.75,MKT,2023-11-15,2023-11-15,4143.75
2023-11-16,Produto E,483.76,0.0,C029,2023-12-01,2023-12-01,483.76
2023-11-17,Manutenção,857.08,0.0,C044,2023-12-02,2023-12-02,857.08
2023-11-17,Compra Material Escritório,0.0,133.46,F005,2023-11-17,2023-11-17,133.46
2023-11-18,Produto F,9735.67,0.0,G010,2024-01-17,,9735.67
2023-11-18,Produto E,386.38,0.0,E015,2023-12-18,2023-12-18,386.38
2023-11-18,Produto B,2409.4,0.0,C032,2023-12-03,2023-12-03,2409.4
2023-11-19,Produto A,1074.49,0.0,E013,2023-12-19,2024-01-10,1074.49
2023-11-19,Produto F,9322.21,0.0,C032,2023-12-04,2023-12-04,9322.21
2023-11-19,Manutenção,1063.78,0.0,C025,2023-12-04,2023-12-04,1063.78
2023-11-20,Produto A,801.76,0.0,E009,2023-12-20,2023-12-20,801.76
2023-11-20,Produto B,1560.63,0.0,G004,2024-01-19,,1560.63
2023-11-20,Consultoria,9379.71,0.0,E012,2023-12-20,2023-12-20,9379.71
2023-11-20,Produto A,830.4,0.0,C033,2023-12-05,2023-12-05,830.4
2023-11-20,Compra Equipamentos,0.0,14321.78,S010,2023-11-20,2023-11-20,14321.78
2023-11-20,Compra Material Escritório,0.0,451.6,S007,2023-11-20,2023-11-20,451.6
2023-11-20,Pagamento Aluguel,0.0,2453.27,ADM,2023-11-20,2023-11-20,2453.27
2023-11-21,Produto E,582.75,0.0,C006,2023-12-06,2023-11-26,582.75
2023-11-21,Pagamento Seguros,0.0,1064.82,ADM,2023-11-21,2023-11-21,1064.82
2023-11-21,Pagamento Energia,0.0,681.54,FIN,2023-11-21,2023-11-21,681.54
2023-11-22,Consultoria,7452.2,0.0,G002,2024-01-21,,7452.2
2023-11-22,Produto A,1084.26,0.0,C026,2023-12-07,2023-12-07,1084.26
2023-11-22,Contratação Serviços Terceirizados,0.0,5390.21,F017,2023-11-22,2023-11-22,5390.21
2023-11-22,Pagamento Recrutamento,0.0,1704.39,RH,2023-11-22,2023-11-22,1704.39
2023-11-22,Ajuste de Centavos,0.0,0.8,COM,2023-11-22,2023-11-22,0.8
2023-11-24,Consultoria,6712.76,0.0,C034,2023-12-09,2023-12-11,6712.76
2023-11-24,Produto C,696.35,0.0,E025,2023-12-24,2023-12-26,696.35
2023-11-24,Produto D,2212.28,0.0,C013,2023-12-09,2023-12-09,2212.28
2023-11-25,Produto D,3770.74,0.0,C009,2023-12-10,2023-12-10,3770.74
2023-11-25,Despesa Publicidade Impressa,0.0,1849.17,MKT,2023-11-25,2023-11-25,1849.17
2023-11-25,Pagamento Bônus,0.0,5600.16,RH,2023-11-25,2023-11-25,5600.16
2023-11-26,Produto C,1133.75,0.0,C026,2023-12-11,2023-12-11,1133.75
2023-11-26,Produto C,681.58,0.0,C016,2023-12-11,2023-12-11,681.58
2023-11-26,Produto F,9174.54,0.0,E003,2023-12-26,2023-12-26,9174.54
2023-11-26,Produto C,899.7,0.0,E028,2023-12-26,2023-12-26,899.7
2023-11-26,Treinamento,2367.79,0.0,C008,2023-12-11,2023-12-15,2367.79
2023-11-26,Contratação Serviços Terceirizados,0.0,3453.96,F019,2023-11-26,2023-11-26,3453.96
2023-11-27,Assinatura Anual,2736.56,0.0,G003,2024-01-26,,2736.56
2023-11-27,Pagamento Treinamentos,0.0,3444.73,RH,2023-11-27,2023-11-27,3444.73
2023-11-28,Produto F,7180.16,0.0,C004,2023-12-13,2023-12-13,7180.16
2023-11-28,Pagamento Aluguel,0.0,2037.49,ADM,2023-11-28,2023-11-28,2037.49
2023-11-28,Venda Excepcional - Produto B,29643.18,0.0,E015,2024-01-12,2024-01-12,29643.18
2023-11-29,Treinamento,2439.55,0.0,G002,2024-01-28,,2439.55
2023-11-29,Produto E,473.7,0.0,E015,2023-12-29,2023-12-31,473.7
2023-11-29,Produto A,1453.96,0.0,E006,2023-12-29,2023-12-29,1453.96
2023-11-29,Manutenção Predial,0.0,549.03,FIN,2023-11-29,2023-11-29,549.03
2023-11-30,Assinatura Anual,4110.42,0.0,C008,2023-12-15,2023-12-15,4110.42
2023-11-30,Suporte,1724.6,0.0,C041,2023-12-15,2023-12-15,1724.6
2023-11-30,Suporte,1134.3,0.0,E017,2023-12-30,2023-12-30,1134.3
2023-12-01,Produto F,5426.5,0.0,C002,2023-12-16,2023-12-16,5426.5
2023-12-02,Produto B,1559.69,0.0,E001,2024-01-01,,1559.69
2023-12-02,Compra Matéria-prima,0.0,3363.43,S004,2023-12-02,2023-12-02,3363.43
2023-12-02,Pagamento Telefone,0.0,145.71,ADM,2023-12-02,2023-12-02,145.71
2023-12-02,Pagamento Internet,0.0,281.17,FIN,2023-12-02,2023-12-02,281.17
2023-12-03,Produto A,957.22,0.0,E019,2024-01-02,,957.22
2023-12-03,Produto C,872.68,0.0,C026,2023-12-18,2023-12-20,872.68
2023-12-03,Manutenção,821.23,0.0,G005,2024-02-01,,821.23
2023-12-04,Produto F,7513.06,0.0,C004,2023-12-19,2023-12-19,7513.06
2023-12-05,Produto C,827.5,0.0,E027,2024-01-04,,827.5
2023-12-05,Produto A,900.89,0.0,E005,2024-01-04,,900.89
2023-12-05,Pagamento Seguros,0.0,1185.05,ADM,2023-12-05,2023-12-05,1185.05
2023-12-05,Manutenção Predial,0.0,693.54,ADM,2023-12-05,2023-12-05,693.54
2023-12-05,Compra Material Escritório,0.0,449.41,S007,2023-12-05,2023-12-05,449.41
2023-12-05,Pagamento Aluguel,0.0,2184.32,ADM,2023-12-05,2023-12-05,2184.32
2023-12-06,Produto A,958.87,0.0,C013,2023-12-21,2023-12-21,958.87
2023-12-06,Pagamento Recrutamento,0.0,1792.17,RH,2023-12-06,2023-12-06,1792.17
2023-12-07,Produto F,5632.24,0.0,E028,2024-01-06,,5632.24
2023-12-07,Produto F,7088.47,0.0,C048,2023-12-22,2023-12-22,7088.47
2023-12-07,Produto B,1878.63,0.0,E010,2024-01-06,,1878.63
2023-12-07,Produto F,5784.63,0.0,E029,2024-01-06,,5784.63
2023-12-07,Cancelamento - Compra Equipamentos,1404.01,0.0,F006,2023-12-07,2023-12-07,1404.01
2023-12-08,Produto A,808.68,0.0,E011,2024-01-07,,808.68
2023-12-08,Produto A,1012.11,0.0,C003,2023-12-23,2023-12-23,1012.11
2023-12-08,Produto E,436.73,0.0,C037,2023-12-23,2023-12-23,436.73
2023-12-08,Pagamento Água,0.0,334.23,FIN,2023-12-08,2023-12-08,334.23
2023-12-08,Manutenção Predial,0.0,1553.41,FIN,2023-12-08,2023-12-08,1553.41
2023-12-08,Manutenção Predial,0.0,1828.89,ADM,2023-12-08,2023-12-08,1828.89
2023-12-09,Produto D,2435.01,0.0,C041,2023-12-24,2023-12-24,2435.01
2023-12-09,Produto C,711.52,0.0,E025,2024-01-08,,711.52
2023-12-09,Despesa Patrocínios,0.0,9689.53,MKT,2023-12-09,2023-12-09,9689.53
2023-12-09,Pagamento Aluguel,0.0,2253.73,FIN,2023-12-09,2023-12-09,2253.73
2023-12-10,Consultoria,5536.8,0.0,C015,2023-12-25,2023-12-25,5536.8
2023-12-10,Pagamento Treinamentos,0.0,2749.42,RH,2023-12-10,2023-12-10,2749.42
2023-12-11,Produto A,1153.88,0.0,C026,2023-12-26,2023-12-26,1153.88
2023-12-11,Produto A,865.99,0.0,C005,2023-12-26,2023-12-23,865.99
2023-12-11,Produto A,1183.44,0.0,C024,2023-12-26,2023-12-26,1183.44
2023-12-11,Pagamento Aluguel,0.0,2470.02,FIN,2023-12-11,2023-12-11,2470.02
2023-12-12,Treinamento,2984.13,0.0,E025,2024-01-11,,2984.13
2023-12-12,Produto D,2414.05,0.0,E005,2024-01-11,,2414.05
2023-12-12,Pagamento Impostos,0.0,6886.52,ADM,2023-12-12,2023-12-12,6886.52
2023-12-13,Consultoria,5234.47,0.0,C006,2023-12-28,2023-12-28,5234.47
2023-12-13,Suporte,1434.81,0.0,C020,2023-12-28,2023-12-28,1434.81
2023-12-13,Produto A,1053.04,0.0,C003,2023-12-28,2024-01-20,1053.04
2023-12-13,Assinatura Anual,3301.12,0.0,C008,2023-12-28,2023-12-28,3301.12
2023-12-13,Despesa Publicidade Online,0.0,1220.52,MKT,2023-12-13,2023-12-13,1220.52
2023-12-13,Manutenção,1486.97,0.0,C046,2023-12-28,2023-12-28,1486.97
2023-12-14,Produto D,2422.61,0.0,E020,2024-01-13,,2422.61
2023-12-14,Produto D,2311.26,0.0,E011,2024-01-13,,2311.26
2023-12-14,Produto E,313.64,0.0,C016,2023-12-29,2023-12-21,313.64
2023-12-14,Pagamento Recrutamento,0.0,4481.73,RH,2023-12-14,2023-12-14,4481.73
2023-12-14,Contratação Serviços Terceirizados,0.0,5487.92,F020,2023-12-14,2023-12-14,5487.92
2023-12-15,Consultoria,8459.1,0.0,E026,2024-01-14,,8459.1
2023-12-16,Produto A,985.58,0.0,G009,2024-02-14,,985.58
2023-12-16,Produto B,1685.84,0.0,C036,2023-12-31,2023-12-31,1685.84
2023-12-17,Suporte,842.63,0.0,C021,2024-01-01,,842.63
2023-12-17,Suporte,878.11,0.0,G004,2024-02-15,,878.11
2023-12-17,Produto B,1790.07,0.0,C009,2024-01-01,,1790.07
2023-12-17,Despesa Publicidade Impressa,0.0,1062.36,MKT,2023-12-17,2023-12-17,1062.36
2023-12-17,Ajuste de Centavos,0.0,0.54,COM,2023-12-17,2023-12-17,0.54
2023-12-18,Treinamento,5786.06,0.0,G009,2024-02-16,,5786.06
2023-12-19,Produto E,382.08,0.0,C020,2024-01-03,,382.08
2023-12-19,Manutenção,593.44,0.0,C020,2024-01-03,,593.44
2023-12-19,Pagamento Energia,0.0,1023.45,FIN,2023-12-19,2023-12-19,1023.45
2023-12-19,Estorno - Produto C,0.0,1850.06,C037,2023-12-19,2023-12-19,1850.06
2023-12-22,Produto C,934.67,0.0,C034,2024-01-06,,934.67
2023-12-22,Produto B,2528.73,0.0,E026,2024-01-21,,2528.73
2023-12-22,Produto B,1931.4,0.0,C040,2024-01-06,,1931.4
2023-12-23,Produto F,5765.02,0.0,G004,2024-02-21,,5765.02
2023-12-23,Produto D,2534.12,0.0,C042,2024-01-07,,2534.12
2023-12-23,Pagamento Aluguel,0.0,2217.7,ADM,2023-12-23,2023-12-23,2217.7
2023-12-23,Despesa Publicidade Impressa,0.0,2418.92,MKT,2023-12-23,2023-12-23,2418.92
2023-12-24,Suporte,1443.57,0.0,G006,2024-02-22,,1443.57
2023-12-25,Produto B,2416.7,0.0,C020,2024-01-09,,2416.7
2023-12-25,Produto D,3368.25,0.0,C028,2024-01-09,,3368.25
2023-12-25,Produto A,1137.36,0.0,C037,2024-01-09,,1137.36
2023-12-25,Assinatura Anual,4841.27,0.0,C022,2024-01-09,,4841.27
2023-12-25,Despesa Patrocínios,0.0,14464.5,MKT,2023-12-25,2023-12-25,14464.5
2023-12-25,Compra Equipamentos,0.0,5850.52,S008,2023-12-25,2023-12-25,5850.52
2023-12-26,Produto B,2461.29,0.0,C043,2024-01-10,,2461.29
2023-12-26,Assinatura Anual,2547.63,0.0,C013,2024-01-10,,2547.63
2023-12-26,Produto C,735.35,0.0,E025,2024-01-25,,735.35
2023-12-26,Compra Material Escritório,0.0,545.31,F020,2023-12-26,2023-12-26,545.31
2023-12-27,Produto F,5230.29,0.0,E023,2024-01-26,,5230.29
2023-12-27,Produto B,1930.81,0.0,C025,2024-01-11,,1930.81
2023-12-28,Pagamento Água,0.0,251.93,ADM,2023-12-28,2023-12-28,251.93
2023-12-28,Despesa Patrocínios,0.0,8610.62,MKT,2023-12-28,2023-12-28,8610.62
2023-12-29,Produto B,2264.29,0.0,C001,2024-01-13,,2264.29
2023-12-29,Assinatura Anual,3645.87,0.0,E023,2024-01-28,,3645.87
2023-12-29,Manutenção,2548.14,0.0,G010,2024-02-27,,2548.14
2023-12-29,Consultoria,3436.86,0.0,C031,2024-01-13,,3436.86
2023-12-29,Despesa Patrocínios,0.0,10524.69,MKT,2023-12-29,2023-12-29,10524.69
2023-12-30,Assinatura Mensal,337.42,0.0,E026,2024-01-29,,337.42
2023-12-31,Produto A,1329.73,0.0,C012,2024-01-15,,1329.73
2023-12-31,Assinatura Anual,2626.79,0.0,C043,2024-01-15,,2626.79
